,번호,학과명,대출일자,입학년도,서명,출판년도,저자,출판사,청구기호
4,AJ1102045,e-비즈니스학전공,20140610,2008,영국의 인도 통치 정책,2004,조길태,민음사,954.0941 조18영
7,AJ1103501,경영학전공,20130621,2009,영국의 인도 통치 정책,2004,조길태,민음사,954.0941 조18영
19,AJ1103501,경영학전공,20130621,2009,인도사,1994,조길태,민음사,954 조18인
32,AJ1102945,경영학전공,20140507,2009,대륙의 딸,2006,"Chang, Jung",까치,952.7092 C456wK황
42,AJ1109653,경영학전공,20140609,2011,(사회과학도를 위한) 중국학 강의,2008,중국,인간사랑,952 중16김
44,AJ1102491,경영학전공,20121128,2009,(사회과학도를 위한) 중국학 강의,2008,중국,인간사랑,952 중16김
51,AJ1100251,e-비즈니스학전공,20110610,2005,(함께 보는) 한국근현대사,2004,역사학연구소,서해문집,951.6 역52한서
52,AJ1108478,경영학전공,20140331,2013,살아있는 한국 근현대사 교과서,2007,김육훈,휴머니스트,951.6 김66살
56,AJ1107799,경영학전공,20120522,2012,살아있는 한국 근현대사 교과서,2007,김육훈,휴머니스트,951.6 김66살
61,AJ1105894,경영학전공,20140410,2011,(대하역사만화)박시백의 조선왕조실록,2005,박시백,휴머니스트,951.5 박58조
66,AJ1110169,금융공학전공,20140903,2014,(대하역사만화)박시백의 조선왕조실록,2005,박시백,휴머니스트,951.5 박58조
69,AJ1104095,경영학전공,20131022,2010,(대하역사만화)박시백의 조선왕조실록,2005,박시백,휴머니스트,951.5 박58조
71,AJ1102299,경영학전공,20130910,2008,(대하역사만화)박시백의 조선왕조실록,2005,박시백,휴머니스트,951.5 박58조
75,AJ1103807,경영학전공,20140602,2009,역사ⓔ,2013,역사채널ⓔ,북하우스,951 역52역세
79,AJ1110048,금융공학전공,20140502,2014,십자군 이야기,2011,염야칠생,문학동네,940.18 염63십
80,AJ1108036,경영학전공,20150119,2012,십자군 이야기,2011,염야칠생,문학동네,940.18 염63십
93,AJ1107824,e-비즈니스학전공,20131010,2012,(새로 쓴) 서양사총론,2008,차하순,探求堂,940.01 차92서3
98,AJ1107824,e-비즈니스학전공,20131010,2012,서양사강의,2007,배영수,한울,940 배64서개
104,AJ1105159,경영학전공,20141210,2010,서양문화사,2007,민석홍,서울대학교출판부,940 민54서개
108,AJ1104095,경영학전공,20130903,2010,서양문화사,2007,민석홍,서울대학교출판부,940 민54서개
129,AJ1109945,금융공학전공,20140917,2014,로마인 이야기,2007,염야칠생,한길사,937 염62gK김
130,AJ1108185,경영학전공,20140715,2011,로마인 이야기,2007,염야칠생,한길사,937 염62gK김
131,AJ1106064,금융공학전공,20141127,2011,로마인 이야기,2007,염야칠생,한길사,937 염62gK김
134,AJ1108192,경영학전공,20140911,2011,로마인 이야기,2007,염야칠생,한길사,937 염62gK김
136,AJ1101035,경영학전공,20140404,2007,로마인 이야기,2007,염야칠생,한길사,937 염62gK김
139,AJ1105323,경영학전공,20141024,2010,로마인 이야기,2007,염야칠생,한길사,937 염62gK김
143,AJ1111041,경영학전공,20140306,2012,로마인 이야기,2007,염야칠생,한길사,937 염62gK김
146,AJ1107090,경영학전공,20141208,2010,로마인 이야기,2007,염야칠생,한길사,937 염62gK김
151,AJ1105462,경영학전공,20140915,2010,로마인 이야기,2007,염야칠생,한길사,937 염62gK김
153,AJ1108487,경영학전공,20141219,2013,로마인 이야기,2007,염야칠생,한길사,937 염62gK김
155,AJ1100442,경영학전공,20131120,2006,로마인 이야기,2007,염야칠생,한길사,937 염62gK김
156,AJ1105463,경영학전공,20130515,2010,로마인 이야기,2007,염야칠생,한길사,937 염62gK김
158,AJ1104095,경영학전공,20130617,2010,로마인 이야기,2007,염야칠생,한길사,937 염62gK김
166,AJ1102806,경영학전공,20121022,2009,로마인 이야기,2007,염야칠생,한길사,937 염62gK김
167,AJ1102551,경영학전공,20130324,2009,로마인 이야기,2007,염야칠생,한길사,937 염62gK김
168,AJ1102833,경영학전공,20130313,2009,로마인 이야기,2007,염야칠생,한길사,937 염62gK김
181,AJ1105245,금융공학전공,20141014,2011,서양 고대 문명의 역사,2003,"Blois, Lukas De",다락방,930 B652eK윤
206,AJ1101226,e-비즈니스학전공,20131204,2007,(클로즈업) 오사카,2012,유재우,에디터,915.3 유73오개증3
212,AJ1102485,경영학전공,20121206,2009,(클로즈업) 오사카,2010,유재우,에디터,915.3 유73오
214,AJ1105709,경영학전공,20141024,2011,오사카,2013,부루가이도편집부,시공사,915.3 실64오개4
239,AJ1107158,경영학전공,20120608,2010,내일로 기차로,2011,권다현,테라,915.1904 권22내
257,AJ1104528,경영학전공,20130924,2010,Best of Europe 230,2013,장백관,테라,914.04 장43b
260,AJ1108264,경영학전공,20150107,2013,(자신만만 세계여행) 유럽,2011,이미지,삼성,914.04 이38유개8
261,AJ1105788,경영학전공,20140912,2011,(자신만만 세계여행) 유럽,2011,이미지,삼성,914.04 이38유개8
263,AJ1102507,경영학전공,20140905,2009,(자신만만 세계여행) 유럽,2011,이미지,삼성,914.04 이38유개8
269,AJ1102415,경영학전공,20140911,2008,유럽,2006,손준호,성하,914.04 유294손개2
272,AJ1111037,경영학전공,20141127,2012,유럽,2008,박현숙,중앙북스,914.04 유294박
278,AJ1102415,경영학전공,20141015,2008,(새로 만든) 먼나라 이웃나라,2012,이원복,김영사,914.004 이66먼전개
279,AJ1109966,금융공학전공,20140729,2014,(새로 만든) 먼나라 이웃나라,2012,이원복,김영사,914.004 이66먼전개
287,AJ1103319,경영학전공,20150102,2009,(새로 만든) 먼나라 이웃나라,2012,이원복,김영사,914.004 이66먼전개
289,AJ1101307,e-비즈니스학전공,20140822,2007,(새로 만든) 먼나라 이웃나라,2012,이원복,김영사,914.004 이66먼전개
293,AJ1105190,e-비즈니스학전공,20141226,2010,(새로 만든) 먼나라 이웃나라,2012,이원복,김영사,914.004 이66먼전개
295,AJ1108192,경영학전공,20131122,2011,(새로 만든) 먼나라 이웃나라,2012,이원복,김영사,914.004 이66먼전개
296,AJ1104979,경영학전공,20131121,2011,(새로 만든) 먼나라 이웃나라,2012,이원복,김영사,914.004 이66먼전개
302,AJ1104528,경영학전공,20130924,2010,(새로 만든) 먼나라 이웃나라,2012,이원복,김영사,914.004 이66먼전개
306,AJ1103582,경영학전공,20130510,2009,(새로 만든) 먼나라 이웃나라,2012,이원복,김영사,914.004 이66먼전개
307,AJ1105576,경영학전공,20130528,2010,(새로 만든) 먼나라 이웃나라,2012,이원복,김영사,914.004 이66먼전개
309,AJ1108480,경영학전공,20130427,2013,(새로 만든) 먼나라 이웃나라,2012,이원복,김영사,914.004 이66먼전개
321,AJ1102591,경영학전공,20130716,2009,(21세기) 먼나라 이웃나라,2004,이원복,김영사,914.004 이66먼
326,AJ1101223,e-비즈니스학전공,20111126,2007,(21세기) 먼나라 이웃나라,2004,이원복,김영사,914.004 이66먼
328,AJ1104457,금융공학전공,20120207,2010,(21세기) 먼나라 이웃나라,2004,이원복,김영사,914.004 이66먼
329,AJ1102547,경영학전공,20110603,2009,(21세기) 먼나라 이웃나라,2004,이원복,김영사,914.004 이66먼
330,AJ1102415,경영학전공,20110303,2008,(21세기) 먼나라 이웃나라,2004,이원복,김영사,914.004 이66먼
336,AJ1102415,경영학전공,20110303,2008,새 먼나라 이웃나라,1998,이원복,김영사,914.004 이664먼새
338,AJ1107122,경영학전공,20131125,2012,이지 유럽,2010,최윤준,트래블북스 블루,914 이78최4개
348,AJ1109939,e-비즈니스학전공,20140903,2014,(자신만만 세계여행) 유럽,2007,삼성출판사,삼성출판사,914 삼54유개5
350,AJ1101627,경영학전공,20121229,2008,(자신만만 세계여행) 유럽,2007,삼성출판사,삼성출판사,914 삼54유개5
353,AJ1104434,경영학전공,20111004,2010,(자신만만 세계여행) 유럽,2007,삼성출판사,삼성출판사,914 삼54유개5
354,AJ1111043,경영학전공,20140601,2012,유럽 100배 즐기기,2006,정기범,랜덤하우스중앙,910.202 정18유8
356,AJ1102556,경영학전공,20110427,2009,유럽 100배 즐기기,2005,정기범,랜덤하우스중앙,910.202 정18유7
362,AJ1104456,경영학전공,20131119,2010,유럽 100배 즐기기,2008,랜덤하우스코리아,랜덤하우스코리아,910.202 랜24유10
365,AJ1104265,경영학전공,20140608,2010,여행의 기술,2004,"Botton, Alain De",이레,910.01 B751aK정
367,AJ1101274,경영학전공,20131018,2007,여행의 기술,2004,"Botton, Alain De",이레,910.01 B751aK정
368,AJ1106974,경영학전공,20130923,2012,여행의 기술,2004,"Botton, Alain De",이레,910.01 B751aK정
391,AJ1108479,경영학전공,20130611,2013,역사란 무엇인가,2002,"Carr, Edward Hallet",까치,901.9 C311w개K김
394,AJ1105776,경영학전공,20120928,2011,역사란 무엇인가,2002,"Carr, Edward Hallet",까치,901.9 C311w개K김
402,AJ1106974,경영학전공,20140507,2012,역사란 무엇인가  -,1993,"Carr, Edward H",청년사,901 C311wK곽개
404,AJ1101110,경영학전공,20140508,2007,역사란 무엇인가  -,1995,"Carr, Edward H",청년사,901 C311wK곽
410,AJ1103424,e-비즈니스학전공,20120706,2009,서양 연극사 이야기,2001,"Barranger, Milly S",평민사,792.094 B268tK우
413,AJ1106375,경영학전공,20110909,2011,서양 연극사 이야기,2001,"Barranger, Milly S",평민사,792.094 B268tK우
414,AJ1106053,e-비즈니스학전공,20111205,2011,서양 연극사 이야기,2001,"Barranger, Milly S",평민사,792.094 B268tK우
423,AJ1101484,경영학전공,20130531,2008,세계 연극사,2000,"Wilson, Edwin",한신문화사,792.09 W747LK김
433,AJ1103424,e-비즈니스학전공,20120718,2009,연극개론,2003,"Watson, J. G",동인,792.01 W339dK김
437,AJ1102483,경영학전공,20121205,2009,연극개론,2003,"Brockett, Oscar G",한신,792.01 B864tK김수
443,AJ1102547,경영학전공,20110723,2009,연극개론,2009,"Brockett, Oscar Gross",HS MEDIA,792.01 B864t4K김수
449,AJ1103351,경영학전공,20140407,2009,오페라로 배우는 역사와 문화,2010,고종환,푸른사상사,782.1 고75오
459,AJ1102483,경영학전공,20121109,2009,오페라로 배우는 역사와 문화,2010,고종환,푸른사상사,782.1 고75오
462,AJ1101397,e-비즈니스학전공,20111206,2007,오페라로 배우는 역사와 문화,2010,고종환,푸른사상사,782.1 고75오
463,AJ1100298,경영학전공,20110923,2006,오페라로 배우는 역사와 문화,2010,고종환,푸른사상사,782.1 고75오
485,AJ1110179,경영학전공,20140612,2014,서양건축사,2007,임석재,북하우스,720.94 임54기
497,AJ1103807,경영학전공,20140403,2009,서양건축사,2003,"Jordan, Furneaux R",技文堂,720.94 J82wK정
504,AJ1103807,경영학전공,20140612,2009,서양 건축 이야기,2004,빌 리제베로,한길아트,720.9 R595stK오
743,AJ1102559,경영학전공,20140723,2009,광고천재 이제석,2010,이제석,학고재,659.1092 이74광
748,AJ1107910,경영학전공,20130508,2012,광고천재 이제석,2010,이제석,학고재,659.1092 이74광
750,AJ1108538,경영학전공,20130614,2013,광고천재 이제석,2010,이제석,학고재,659.1092 이74광
752,AJ1101223,e-비즈니스학전공,20130305,2007,광고천재 이제석,2010,이제석,학고재,659.1092 이74광
756,AJ1104528,경영학전공,20120529,2010,광고천재 이제석,2010,이제석,학고재,659.1092 이74광
777,AJ1105933,경영학전공,20110923,2011,인문학으로 광고하다,2009,박웅현,알마,659.1 박66인
780,AJ1110111,경영학전공,20140516,2014,생각하는 미친놈,2011,박서원,센추리원,659.1 박54생
784,AJ1106527,경영학전공,20120904,2011,생각하는 미친놈,2011,박서원,센추리원,659.1 박54생
788,AJ1105789,경영학전공,20130617,2011,소비자 행동론,2005,임종원,經文社,658.8342 소48임2
789,AJ1105159,경영학전공,20121127,2010,소비자 행동론,2005,임종원,經文社,658.8342 소48임2
790,AJ1102517,경영학전공,20120610,2009,소비자 행동론,1994,임종원,經文社,658.8342 소48임
792,AJ1104556,경영학전공,20120430,2010,소비자 행동론,2003,"Solomon, Michale R",브레인코리아,658.8342 S689c3K리
794,AJ1101843,경영학전공,20141001,2008,소비자행동론,2005,"Assael, Henry",한티미디어,658.8342 A844cK김
795,AJ1100793,경영학전공,20131203,2007,소비자행동론,2005,"Assael, Henry",한티미디어,658.8342 A844cK김
796,AJ1107909,경영학전공,20131202,2012,소비자행동론,2005,"Assael, Henry",한티미디어,658.8342 A844cK김
797,AJ1104338,경영학전공,20121126,2010,소비자행동론,2005,"Assael, Henry",한티미디어,658.8342 A844cK김
799,AJ1100999,경영학전공,20140313,2007,소비자행동론,1998,"Assael, Henry",석정,658.8342 A844c6K윤
800,AJ1102218,경영학전공,20131022,2008,소비자행동론,1998,"Assael, Henry",석정,658.8342 A844c6K윤
801,AJ1101040,경영학전공,20130612,2007,소비자 행동론,2006,임종원,經文社,658.834 소48임3
802,AJ1104979,경영학전공,20130404,2011,소비자 행동론,2006,임종원,經文社,658.834 소48임3
805,AJ1101931,경영학전공,20111004,2008,소비자 행동론,2006,임종원,經文社,658.834 소48임3
806,AJ1103582,경영학전공,20110914,2009,소비자 행동론,2006,임종원,經文社,658.834 소48임3
807,AJ1107056,경영학전공,20141201,2012,Consumer behavior,2007,"Schiffman, Leon G",Pearson Prentice Hall,658.834 S333c9
810,AJ1102571,경영학전공,20111214,2009,Consumer behavior,2007,"Schiffman, Leon G",Pearson Prentice Hall,658.834 S333c9
811,AJ1102556,경영학전공,20110608,2009,Consumer behavior,2007,"Schiffman, Leon G",Pearson Prentice Hall,658.834 S333c9
812,AJ1107905,경영학전공,20141007,2012,Consumer behavior,2010,"Schiffman, Leon G",Pearson Prentice Hall,658.834 S333c10g
813,AJ1106248,경영학전공,20140929,2011,Consumer behavior,2010,"Schiffman, Leon G",Pearson Prentice Hall,658.834 S333c10g
815,AJ1105190,e-비즈니스학전공,20131121,2010,Consumer behavior,2010,"Schiffman, Leon G",Pearson Prentice Hall,658.834 S333c10g
816,AJ1102554,경영학전공,20130304,2009,Consumer behavior,2010,"Schiffman, Leon G",Pearson Prentice Hall,658.834 S333c10g
817,AJ1102406,경영학전공,20120225,2008,Consumer behavior,2010,"Schiffman, Leon G",Pearson Prentice Hall,658.834 S333c10g
818,AJ1104528,경영학전공,20120329,2010,Consumer behavior,1978,"Schiffman, Leon G",Prentice-Hall,658.834 S333C
819,AJ1108185,경영학전공,20140404,2011,Consumer behavior,2004,"Assael, Henry",Houghton Mifflin,658.834 A844c
820,AJ1107799,경영학전공,20131031,2012,Consumer behavior,2004,"Assael, Henry",Houghton Mifflin,658.834 A844c
821,AJ1100610,경영학전공,20130902,2006,Consumer behavior,2004,"Assael, Henry",Houghton Mifflin,658.834 A844c
822,AJ1107158,경영학전공,20130617,2010,Consumer behavior,2004,"Assael, Henry",Houghton Mifflin,658.834 A844c
823,AJ1106443,경영학전공,20130417,2011,Consumer behavior,2004,"Assael, Henry",Houghton Mifflin,658.834 A844c
824,AJ1107093,경영학전공,20130305,2010,Consumer behavior,2004,"Assael, Henry",Houghton Mifflin,658.834 A844c
827,AJ1105634,경영학전공,20140903,2010,마케팅 불변의 법칙,1994,"Ries, Al",십일월출판사,658.8 R559TK박
836,AJ1108548,경영학전공,20140103,2013,마케팅 불변의 법칙,1994,"Ries, Al",십일월출판사,658.8 R559TK박
837,AJ1106440,경영학전공,20131021,2011,마케팅 불변의 법칙,1994,"Ries, Al",십일월출판사,658.8 R559TK박
839,AJ1107116,경영학전공,20141002,2012,(Kotler의) 마케팅원리,2012,"Kotler, Philip",피어슨에듀케이션코리아,658.8 K87p14K안
841,AJ1111037,경영학전공,20141201,2012,(Kotler의) 마케팅원리,2012,"Kotler, Philip",피어슨에듀케이션코리아,658.8 K87p14K안
842,AJ1101843,경영학전공,20140605,2008,(Kotler의) 마케팅원리,2012,"Kotler, Philip",피어슨에듀케이션코리아,658.8 K87p14K안
844,AJ1106597,경영학전공,20140427,2011,(Kotler의) 마케팅원리,2012,"Kotler, Philip",피어슨에듀케이션코리아,658.8 K87p14K안
845,AJ1111043,경영학전공,20140911,2012,(Kotler의) 마케팅원리,2012,"Kotler, Philip",피어슨에듀케이션코리아,658.8 K87p14K안
847,AJ1105424,경영학전공,20131209,2010,(Kotler의) 마케팅원리,2012,"Kotler, Philip",피어슨에듀케이션코리아,658.8 K87p14K안
848,AJ1103146,경영학전공,20131028,2009,(Kotler의) 마케팅원리,2012,"Kotler, Philip",피어슨에듀케이션코리아,658.8 K87p14K안
849,AJ1105458,경영학전공,20131216,2010,(Kotler의) 마케팅원리,2012,"Kotler, Philip",피어슨에듀케이션코리아,658.8 K87p14K안
851,AJ1105426,경영학전공,20130925,2010,(Kotler의) 마케팅원리,2012,"Kotler, Philip",피어슨에듀케이션코리아,658.8 K87p14K안
852,AJ1108188,경영학전공,20140911,2011,Principles of marketing,2012,"Kotler, Philip",Pearson Prentice Hall,658.8 K87p14
853,AJ1108744,금융공학전공,20141022,2013,Principles of marketing,2012,"Kotler, Philip",Pearson Prentice Hall,658.8 K87p14
854,AJ1105933,경영학전공,20140325,2011,Principles of marketing,2012,"Kotler, Philip",Pearson Prentice Hall,658.8 K87p14
855,AJ1102296,경영학전공,20140919,2008,Principles of marketing,2012,"Kotler, Philip",Pearson Prentice Hall,658.8 K87p14
856,AJ1107087,경영학전공,20121129,2010,Principles of marketing,2012,"Kotler, Philip",Pearson Prentice Hall,658.8 K87p14
857,AJ1109490,경영학전공,20130904,2013,Principles of marketing,2010,"Kotler, Philip",Prentice Hall,658.8 K87p13
858,AJ1102224,경영학전공,20111020,2008,Principles of marketing,2010,"Kotler, Philip",Prentice Hall,658.8 K87p13
862,AJ1106582,경영학전공,20140530,2011,Kotler의 마케팅 원리,2008,"Kotler, Philip",피어슨에듀케이션코리아,658.8 K87p12K안
864,AJ1101843,경영학전공,20140520,2008,Kotler의 마케팅 원리,2008,"Kotler, Philip",피어슨에듀케이션코리아,658.8 K87p12K안
865,AJ1106597,경영학전공,20140404,2011,Kotler의 마케팅 원리,2008,"Kotler, Philip",피어슨에듀케이션코리아,658.8 K87p12K안
866,AJ1106584,경영학전공,20140611,2011,Kotler의 마케팅 원리,2008,"Kotler, Philip",피어슨에듀케이션코리아,658.8 K87p12K안
869,AJ1105458,경영학전공,20131014,2010,Kotler의 마케팅 원리,2008,"Kotler, Philip",피어슨에듀케이션코리아,658.8 K87p12K안
871,AJ1103358,경영학전공,20130405,2009,Kotler의 마케팅 원리,2008,"Kotler, Philip",피어슨에듀케이션코리아,658.8 K87p12K안
874,AJ1102833,경영학전공,20121102,2009,Kotler의 마케팅 원리,2008,"Kotler, Philip",피어슨에듀케이션코리아,658.8 K87p12K안
875,AJ1100123,경영학전공,20130320,2005,Kotler의 마케팅 원리,2008,"Kotler, Philip",피어슨에듀케이션코리아,658.8 K87p12K안
877,AJ1102689,경영학전공,20120917,2009,Kotler의 마케팅 원리,2008,"Kotler, Philip",피어슨에듀케이션코리아,658.8 K87p12K안
878,AJ1100027,e-비즈니스학전공,20120416,2002,Kotler의 마케팅 원리,2008,"Kotler, Philip",피어슨에듀케이션코리아,658.8 K87p12K안
879,AJ1101273,경영학전공,20120417,2007,Kotler의 마케팅 원리,2008,"Kotler, Philip",피어슨에듀케이션코리아,658.8 K87p12K안
880,AJ1101914,경영학전공,20111205,2008,Kotler의 마케팅 원리,2008,"Kotler, Philip",피어슨에듀케이션코리아,658.8 K87p12K안
883,AJ1102223,e-비즈니스학전공,20111025,2008,Kotler의 마케팅 원리,2008,"Kotler, Philip",피어슨에듀케이션코리아,658.8 K87p12K안
885,AJ1108036,경영학전공,20130418,2012,Principles of marketing,2007,"Kotler,Philip",Pearson Prentice Hall,658.8 K87p12
887,AJ1106051,e-비즈니스학전공,20130328,2011,Principles of marketing,2003,"Kotler, Philip",Prentice Hall,658.8 K87p10
888,AJ1110637,경영학전공,20140318,2014,(필립 코틀러의) 마케팅 A to Z,2003,"Kotler, Philip",세종연구원,658.8 K87mK홍
889,AJ1104528,경영학전공,20141121,2010,(필립 코틀러의) 마케팅 A to Z,2003,"Kotler, Philip",세종연구원,658.8 K87mK홍
890,AJ1110873,경영학전공,20140601,2014,(필립 코틀러의) 마케팅 A to Z,2003,"Kotler, Philip",세종연구원,658.8 K87mK홍
891,AJ1110818,경영학전공,20140318,2014,(필립 코틀러의) 마케팅 A to Z,2003,"Kotler, Philip",세종연구원,658.8 K87mK홍
892,AJ1110877,경영학전공,20140410,2014,(필립 코틀러의) 마케팅 A to Z,2003,"Kotler, Philip",세종연구원,658.8 K87mK홍
893,AJ1111034,경영학전공,20140904,2012,(필립 코틀러의) 마케팅 A to Z,2003,"Kotler, Philip",세종연구원,658.8 K87mK홍
894,AJ1111065,경영학전공,20141002,2012,(필립 코틀러의) 마케팅 A to Z,2003,"Kotler, Philip",세종연구원,658.8 K87mK홍
895,AJ1111043,경영학전공,20140507,2012,(필립 코틀러의) 마케팅 A to Z,2003,"Kotler, Philip",세종연구원,658.8 K87mK홍
898,AJ1108908,경영학전공,20140809,2013,(Kotler) 마케팅 관리,2008,"Kotler, Philip",시그마프레스,658.8 K87f3K조
899,AJ1111034,경영학전공,20141015,2012,(Kotler) 마케팅 관리,2008,"Kotler, Philip",시그마프레스,658.8 K87f3K조
900,AJ1108412,경영학전공,20141017,2013,(Kotler) 마케팅 관리,2008,"Kotler, Philip",시그마프레스,658.8 K87f3K조
901,AJ1103701,경영학전공,20140107,2009,(Kotler) 마케팅 관리,2008,"Kotler, Philip",시그마프레스,658.8 K87f3K조
902,AJ1105458,경영학전공,20131010,2010,(Kotler) 마케팅 관리,2008,"Kotler, Philip",시그마프레스,658.8 K87f3K조
904,AJ1102224,경영학전공,20121014,2008,(Kotler) 마케팅 관리,2008,"Kotler, Philip",시그마프레스,658.8 K87f3K조
905,AJ1101914,경영학전공,20111114,2008,(Kotler) 마케팅 관리,2008,"Kotler, Philip",시그마프레스,658.8 K87f3K조
907,AJ1110686,경영학전공,20140521,2014,보랏빛 소가 온다,2004,"Godin, Seth",재인,658.8 G585pK남
909,AJ1110584,경영학전공,20140414,2014,보랏빛 소가 온다,2004,"Godin, Seth",재인,658.8 G585pK남
910,AJ1110586,경영학전공,20140326,2014,보랏빛 소가 온다,2004,"Godin, Seth",재인,658.8 G585pK남
911,AJ1110152,경영학전공,20140324,2014,보랏빛 소가 온다,2004,"Godin, Seth",재인,658.8 G585pK남
912,AJ1105575,경영학전공,20130520,2010,보랏빛 소가 온다,2004,"Godin, Seth",재인,658.8 G585pK남
941,AJ1101804,e-비즈니스학전공,20111108,2008,생산운영관리,2006,김홍준,文英社,658.5 생52김문
948,AJ1105575,경영학전공,20111205,2010,생산관리,2006,김형준,형설,658.5 김94생형
951,AJ1108185,경영학전공,20140902,2011,생산운영관리,2007,"Stevenson, William J",한국맥그로힐,658.5 S848o9K강
952,AJ1105758,경영학전공,20141010,2011,생산운영관리,2007,"Stevenson, William J",한국맥그로힐,658.5 S848o9K강
959,AJ1107116,경영학전공,20141030,2012,비즈니스 프로세스 경영,2012,"Anupindi, Ravi",피어슨에듀케이션코리아,658.5 M266a3K김
960,AJ1102833,경영학전공,20140318,2009,비즈니스 프로세스 경영,2012,"Anupindi, Ravi",피어슨에듀케이션코리아,658.5 M266a3K김
961,AJ1105989,경영학전공,20141005,2011,비즈니스 프로세스 경영,2012,"Anupindi, Ravi",피어슨에듀케이션코리아,658.5 M266a3K김
962,AJ1108185,경영학전공,20140904,2011,비즈니스 프로세스 경영,2012,"Anupindi, Ravi",피어슨에듀케이션코리아,658.5 M266a3K김
963,AJ1106053,e-비즈니스학전공,20141126,2011,비즈니스 프로세스 경영,2012,"Anupindi, Ravi",피어슨에듀케이션코리아,658.5 M266a3K김
965,AJ1107013,경영학전공,20130611,2012,비즈니스 프로세스 경영,2012,"Anupindi, Ravi",피어슨에듀케이션코리아,658.5 M266a3K김
967,AJ1105319,e-비즈니스학전공,20140917,2010,Managing business process flows,2012,"Anupindi, Ravi",Prentice Hall,658.5 M266a3
968,AJ1109575,경영학전공,20140303,2013,Managing business process flows,2012,"Anupindi, Ravi",Prentice Hall,658.5 M266a3
969,AJ1102833,경영학전공,20140515,2009,Managing business process flows,2012,"Anupindi, Ravi",Prentice Hall,658.5 M266a3
971,AJ1107087,경영학전공,20130508,2010,Managing business process flows,2012,"Anupindi, Ravi",Prentice Hall,658.5 M266a3
973,AJ1106056,e-비즈니스학전공,20140922,2011,Managing business process flows,2004,"Anupindi, Ravi",Pearson/Prentice Hall,658.5 M266a2
975,AJ1105160,경영학전공,20141012,2010,Managing business process flows,1999,"Anupindi,Ravi",Prentice Hall,658.5 M266a
982,AJ1103701,경영학전공,20121130,2009,생산관리,2005,"Chase, Richard B",한경사,658.5 C487o10K김
989,AJ1102503,경영학전공,20140428,2009,무리뉴 그 남자의 기술,2013,한준,브레인스토어,658.4092 한76무
991,AJ1101307,e-비즈니스학전공,20140103,2007,무리뉴 그 남자의 기술,2013,한준,브레인스토어,658.4092 한76무
994,AJ1101226,e-비즈니스학전공,20131025,2007,무리뉴 그 남자의 기술,2013,한준,브레인스토어,658.4092 한76무
999,AJ1110275,경영학전공,20140408,2014,육일약국 갑시다,2007,김성오,북이십일,658.409 김54육
1000,AJ1111022,경영학전공,20140514,2012,육일약국 갑시다,2007,김성오,북이십일,658.409 김54육
1001,AJ1110641,경영학전공,20140414,2014,육일약국 갑시다,2007,김성오,북이십일,658.409 김54육
1004,AJ1101281,경영학전공,20131111,2007,육일약국 갑시다,2007,김성오,북이십일,658.409 김54육
1013,AJ1103014,e-비즈니스학전공,20130917,2009,빅 데이터 비즈니스,2012,영목양개,더숲,658.4038 영35빅K천
1015,AJ1108618,e-비즈니스학전공,20130311,2013,빅 데이터 비즈니스,2012,영목양개,더숲,658.4038 영35빅K천
1023,AJ1108675,e-비즈니스학전공,20130816,2013,빅데이터 혁명,2012,권대석,북이십일 21세기북스,658.4038 권23빅
1029,AJ1101221,e-비즈니스학전공,20130321,2007,빅데이터 혁명,2012,권대석,북이십일 21세기북스,658.4038 권23빅
1031,AJ1108618,e-비즈니스학전공,20130308,2013,빅데이터 혁명,2012,권대석,북이십일 21세기북스,658.4038 권23빅
1032,AJ1107013,경영학전공,20130411,2012,경영정보시스템,2004,정경수,이프레스,658.4038 경64정
1033,AJ1107824,e-비즈니스학전공,20121014,2012,경영정보시스템,2004,정경수,이프레스,658.4038 경64정
1034,AJ1107082,경영학전공,20120416,2010,경영정보시스템,2004,정경수,이프레스,658.4038 경64정
1035,AJ1101914,경영학전공,20111003,2008,경영정보시스템,2004,정경수,이프레스,658.4038 경64정
1036,AJ1101661,경영학전공,20140416,2008,(디지털경영을 위한) 경영정보시스템의 이해,2008,이동만,대명,658.4038 경64이개
1037,AJ1103357,경영학전공,20131017,2009,(디지털경영을 위한) 경영정보시스템의 이해,2008,이동만,대명,658.4038 경64이개
1039,AJ1104456,경영학전공,20120313,2010,(디지털경영을 위한) 경영정보시스템의 이해,2008,이동만,대명,658.4038 경64이개
1040,AJ1101280,경영학전공,20111012,2007,(디지털경영을 위한) 경영정보시스템의 이해,2008,이동만,대명,658.4038 경64이개
1041,AJ1101914,경영학전공,20111010,2008,(디지털경영을 위한) 경영정보시스템의 이해,2008,이동만,대명,658.4038 경64이개
1042,AJ1104200,경영학전공,20110401,2010,(디지털경영을 위한) 경영정보시스템의 이해,2008,이동만,대명,658.4038 경64이개
1043,AJ1101804,e-비즈니스학전공,20111022,2008,(디지털경영을 위한) 경영정보시스템의 이해,2006,이동만,대명,658.4038 경64이
1044,AJ1108478,경영학전공,20140526,2013,Management information systems,2011,"O'Brien, James A., 1936-",McGraw-Hill/Irwin,658.4038 O13m10g
1046,AJ1107013,경영학전공,20130531,2012,Management information systems,2011,"O'Brien, James A., 1936-",McGraw-Hill/Irwin,658.4038 O13m10g
1047,AJ1106529,경영학전공,20140418,2011,경영정보시스템,2009,"McLeod, Raymond",시그마프레스,658.4038 M478m10K김
1048,AJ1103357,경영학전공,20131212,2009,경영정보시스템,2009,"McLeod, Raymond",시그마프레스,658.4038 M478m10K김
1049,AJ1106375,경영학전공,20140415,2011,경영정보시스템,2006,"Laudon, Kenneth C",사이텍미디어,658.4038 L372m9K김
1051,AJ1102544,경영학전공,20130614,2009,경영정보시스템,2006,"Laudon, Kenneth C",사이텍미디어,658.4038 L372m9K김
1052,AJ1106111,경영학전공,20121017,2011,경영정보시스템,2006,"Laudon, Kenneth C",사이텍미디어,658.4038 L372m9K김
1053,AJ1101804,e-비즈니스학전공,20110926,2008,경영정보시스템,2006,"Laudon, Kenneth C",사이텍미디어,658.4038 L372m9K김
1054,AJ1108478,경영학전공,20140526,2013,경영정보시스템,2008,"Laudon, Kenneth C",피어슨에듀케이션코리아,658.4038 L372m10K김
1055,AJ1101950,경영학전공,20140321,2008,경영정보시스템,2008,"Laudon, Kenneth C",피어슨에듀케이션코리아,658.4038 L372m10K김
1057,AJ1107087,경영학전공,20120329,2010,Management information systems,2007,"Laudon, Kenneth C",Pearson,658.4038 L372m10
1058,AJ1110155,e-비즈니스학전공,20141202,2014,경영정보시스템의 이해,2011,"Laudon, Kenneth C",피어슨에듀케이션코리아,658.4038 L372e9K백
1059,AJ1105160,경영학전공,20140330,2010,경영정보시스템의 이해,2011,"Laudon, Kenneth C",피어슨에듀케이션코리아,658.4038 L372e9K백
1063,AJ1103357,경영학전공,20131017,2009,경영정보시스템의 이해,2011,"Laudon, Kenneth C",피어슨에듀케이션코리아,658.4038 L372e9K백
1064,AJ1103014,e-비즈니스학전공,20130917,2009,경영정보시스템의 이해,2011,"Laudon, Kenneth C",피어슨에듀케이션코리아,658.4038 L372e9K백
1065,AJ1103807,경영학전공,20130409,2009,경영정보시스템의 이해,2011,"Laudon, Kenneth C",피어슨에듀케이션코리아,658.4038 L372e9K백
1068,AJ1106375,경영학전공,20140528,2011,경영정보시스템의 이해,2007,"Laudon, Jane P",사이텍미디어,658.4038 L372e7K이
1069,AJ1111037,경영학전공,20140417,2012,경영과학,2008,형성우,형설,658.4034 형54경
1071,AJ1110634,경영학전공,20140305,2014,경영과학,2008,형성우,형설,658.4034 형54경
1073,AJ1108484,경영학전공,20131209,2013,경영과학,2008,형성우,형설,658.4034 형54경
1077,AJ1110155,e-비즈니스학전공,20140527,2014,계량경영학의 이해,2005,최성용,21세기법경사,658.4033 최54계3
1081,AJ1110159,e-비즈니스학전공,20141119,2014,계량경영학의 이해,2005,최성용,21세기법경사,658.4033 최54계3
1085,AJ1111024,경영학전공,20140401,2012,계량경영학,2009,김명호,大經,658.4033 김34계개2
1086,AJ1102218,경영학전공,20130905,2008,계량경영학,2009,김명호,大經,658.4033 김34계개2
1087,AJ1102507,경영학전공,20121127,2009,계량경영학,2007,김명호,大經,658.4033 김34계
1090,AJ1111064,경영학전공,20140922,2014,(켈러의) 경영경제통계학,2009,"Keller, Gerald",THOMSON,658.4033 K29s8K이
1091,AJ1108191,경영학전공,20131122,2011,(켈러의) 경영경제통계학,2009,"Keller, Gerald",THOMSON,658.4033 K29s8K이
1094,AJ1102569,경영학전공,20130306,2009,(켈러의) 경영경제통계학,2009,"Keller, Gerald",THOMSON,658.4033 K29s8K이
1098,AJ1105781,경영학전공,20110830,2011,(켈러의) 경영경제통계학,2009,"Keller, Gerald",THOMSON,658.4033 K29s8K이
1099,AJ1110637,경영학전공,20141006,2014,(켈러의) 경영경제통계학,2006,"Keller, Gerald",톰슨코퍼레이션코리아,658.4033 K29s7K이
1101,AJ1111037,경영학전공,20140313,2012,(켈러의) 경영경제통계학,2006,"Keller, Gerald",톰슨코퍼레이션코리아,658.4033 K29s7K이
1103,AJ1110582,경영학전공,20141007,2014,(켈러의) 경영경제통계학,2006,"Keller, Gerald",톰슨코퍼레이션코리아,658.4033 K29s7K이
1104,AJ1105458,경영학전공,20131126,2010,(켈러의) 경영경제통계학,2006,"Keller, Gerald",톰슨코퍼레이션코리아,658.4033 K29s7K이
1105,AJ1103701,경영학전공,20121130,2009,(켈러의) 경영경제통계학,2006,"Keller, Gerald",톰슨코퍼레이션코리아,658.4033 K29s7K이
1106,AJ1102507,경영학전공,20121009,2009,(켈러의) 경영경제통계학,2006,"Keller, Gerald",톰슨코퍼레이션코리아,658.4033 K29s7K이
1107,AJ1102700,경영학전공,20120831,2009,(켈러의) 경영경제통계학,2006,"Keller, Gerald",톰슨코퍼레이션코리아,658.4033 K29s7K이
1109,AJ1105519,경영학전공,20110416,2009,(켈러의) 경영경제통계학,2006,"Keller, Gerald",톰슨코퍼레이션코리아,658.4033 K29s7K이
1111,AJ1109897,e-비즈니스학전공,20141118,2014,(켈러의) 경영경제통계학,2012,"Keller, Gerald",센게이지러닝코리아,658.4033 K29k9K이
1114,AJ1102218,경영학전공,20130905,2008,(켈러의) 경영경제통계학,2012,"Keller, Gerald",센게이지러닝코리아,658.4033 K29k9K이
1116,AJ1111021,경영학전공,20140610,2012,경영과학,2013,"Hillier, Frederick S",McGraw-Hill Education Korea,658.4032 H654i9K김
1117,AJ1110582,경영학전공,20140303,2014,경영과학,2013,"Hillier, Frederick S",McGraw-Hill Education Korea,658.4032 H654i9K김
1122,AJ1103921,e-비즈니스학전공,20130903,2010,경영과학,2013,"Hillier, Frederick S",McGraw-Hill Education Korea,658.4032 H654i9K김
1124,AJ1108028,경영학전공,20141017,2012,(최신) 경영과학,2004,박재흥,시그마프레스,658.403 박73경
1125,AJ1109942,e-비즈니스학전공,20140610,2014,(최신) 경영과학,2004,박재흥,시그마프레스,658.403 박73경
1127,AJ1102551,경영학전공,20140331,2009,(최신) 경영과학,2004,박재흥,시그마프레스,658.403 박73경
1128,AJ1111037,경영학전공,20140509,2012,(최신) 경영과학,2004,박재흥,시그마프레스,658.403 박73경
1134,AJ1105519,경영학전공,20110523,2009,(최신) 경영과학,2004,박재흥,시그마프레스,658.403 박73경
1136,AJ1110642,경영학전공,20141118,2014,경영과학,2003,박순달,校友社,658.403 박56경
1139,AJ1102551,경영학전공,20140313,2009,경영과학,2003,박순달,校友社,658.403 박56경
1140,AJ1108028,경영학전공,20140918,2012,계량경영학,2005,남익현,博英社,658.403 남68계
1141,AJ1107158,경영학전공,20120619,2010,계량경영학,2005,남익현,博英社,658.403 남68계
1142,AJ1109634,경영학전공,20140521,2013,계량경영학,2005,김태호,청목,658.403 김883계중
1143,AJ1103325,경영학전공,20140901,2009,계량경영학,2005,김태호,청목,658.403 김883계중
1144,AJ1111037,경영학전공,20140509,2012,계량경영학,2005,김태호,청목,658.403 김883계중
1150,AJ1102517,경영학전공,20110319,2009,계량경영학,2005,김태호,청목,658.403 김883계중
1151,AJ1104104,경영학전공,20110316,2010,계량경영학,2005,김태호,청목,658.403 김883계중
1154,AJ1103325,경영학전공,20140901,2009,(유비쿼터스) 경영과학,2005,김종수,博英社,658.403 김75경박
1155,AJ1106565,e-비즈니스학전공,20140320,2011,(유비쿼터스) 경영과학,2005,김종수,博英社,658.403 김75경박
1157,AJ1101564,경영학전공,20120418,2008,(유비쿼터스) 경영과학,2005,김종수,博英社,658.403 김75경박
1158,AJ1110155,e-비즈니스학전공,20140612,2014,계량경영학,2004,김상종,三英社,658.403 김52계2
1162,AJ1102569,경영학전공,20130306,2009,계량경영학,2004,김상종,三英社,658.403 김52계2
1165,AJ1101661,경영학전공,20120924,2008,계량경영학,2004,김상종,三英社,658.403 김52계2
1166,AJ1100296,경영학전공,20111215,2006,계량경영학,2004,김상종,三英社,658.403 김52계2
1167,AJ1110517,경영학전공,20140303,2014,경영과학,2012,"Hillier, Frederick S",한경사,658.403 H654i4K홍
1170,AJ1101843,경영학전공,20130930,2008,경영과학,2012,"Hillier, Frederick S",한경사,658.403 H654i4K홍
1173,AJ1109659,경영학전공,20130904,2013,경영과학,2005,"Hillier, Frederick S",한경사,658.403 H654i2K노
1174,AJ1103358,경영학전공,20120926,2009,경영과학,2005,"Hillier, Frederick S",한경사,658.403 H654i2K노
1175,AJ1102557,경영학전공,20120406,2009,경영과학,2005,"Hillier, Frederick S",한경사,658.403 H654i2K노
1176,AJ1101564,경영학전공,20120315,2008,경영과학,2005,"Hillier, Frederick S",한경사,658.403 H654i2K노
1184,AJ1101804,e-비즈니스학전공,20140109,2008,기획의 정석,2013,박신영,세종서적,658.4012 박58기
1188,AJ1100493,e-비즈니스학전공,20131031,2006,기획의 정석,2013,박신영,세종서적,658.4012 박58기
1189,AJ1101307,e-비즈니스학전공,20130806,2007,기획의 정석,2013,박신영,세종서적,658.4012 박58기
1191,AJ1110643,경영학전공,20140610,2014,비즈니스 모델의 탄생,2011,"Osterwalder, Alexander",타임비즈,658.4012 O85bK유
1195,AJ1103018,e-비즈니스학전공,20140303,2009,비즈니스 모델의 탄생,2011,"Osterwalder, Alexander",타임비즈,658.4012 O85bK유
1196,AJ1108671,e-비즈니스학전공,20140118,2013,비즈니스 모델의 탄생,2011,"Osterwalder, Alexander",타임비즈,658.4012 O85bK유
1203,AJ1102045,e-비즈니스학전공,20130307,2008,비즈니스 모델의 탄생,2011,"Osterwalder, Alexander",타임비즈,658.4012 O85bK유
1205,AJ1106528,경영학전공,20140321,2011,이케아 불편을 팔다,2013,"Jungbluth, Rudiger",미래의창,658.401 J95dK배
1206,AJ1108412,경영학전공,20140204,2013,이케아 불편을 팔다,2013,"Jungbluth, Rudiger",미래의창,658.401 J95dK배
1207,AJ1108613,경영학전공,20140416,2013,이케아 불편을 팔다,2013,"Jungbluth, Rudiger",미래의창,658.401 J95dK배
1218,AJ1105879,e-비즈니스학전공,20140501,2011,빅데이터 경영을 바꾸다,2012,함유근,삼성경제연구소,658.4 함66빅
1220,AJ1109897,e-비즈니스학전공,20140528,2014,빅데이터 경영을 바꾸다,2012,함유근,삼성경제연구소,658.4 함66빅
1222,AJ1102544,경영학전공,20130508,2009,빅데이터 경영을 바꾸다,2012,함유근,삼성경제연구소,658.4 함66빅
1223,AJ1105881,e-비즈니스학전공,20130903,2011,빅데이터 경영을 바꾸다,2012,함유근,삼성경제연구소,658.4 함66빅
1224,AJ1103014,e-비즈니스학전공,20130923,2009,빅데이터 경영을 바꾸다,2012,함유근,삼성경제연구소,658.4 함66빅
1225,AJ1102796,경영학전공,20130718,2009,빅데이터 경영을 바꾸다,2012,함유근,삼성경제연구소,658.4 함66빅
1227,AJ1108758,금융공학전공,20141129,2013,조직행동,2008,정동섭,三英社,658.4 조78정2
1228,AJ1105789,경영학전공,20120613,2011,조직행동,2008,정동섭,三英社,658.4 조78정2
1229,AJ1102224,경영학전공,20110609,2008,조직행동,2008,정동섭,三英社,658.4 조78정2
1230,AJ1106530,경영학전공,20120612,2011,조직행동,2006,정동섭,三英社,658.4 조78정
1231,AJ1101914,경영학전공,20110612,2008,조직행동,2006,정동섭,三英社,658.4 조78정
1232,AJ1105245,금융공학전공,20140529,2011,조직행위론,2010,김주엽,경문사,658.4 조78김2
1233,AJ1108758,금융공학전공,20141014,2013,조직행위론,2010,김주엽,경문사,658.4 조78김2
1235,AJ1103325,경영학전공,20120608,2009,조직행위론,2010,김주엽,경문사,658.4 조78김2
1236,AJ1104979,경영학전공,20120314,2011,조직행위론,2010,김주엽,경문사,658.4 조78김2
1237,AJ1111037,경영학전공,20140605,2012,조직행동,2008,임창희,비앤엠북스,658.4 임82조4
1238,AJ1104095,경영학전공,20140417,2010,조직행동,2008,임창희,비앤엠북스,658.4 임82조4
1243,AJ1101706,경영학전공,20120420,2008,조직행동,2004,임창희,학현사,658.4 임82조3
1244,AJ1100014,경영학전공,20120614,2001,조직행동,2004,임창희,학현사,658.4 임82조3
1245,AJ1104979,경영학전공,20120410,2011,조직행동,2004,임창희,학현사,658.4 임82조3
1246,AJ1105159,경영학전공,20110620,2010,조직행동,1998,임창희,학현사,658.4 임82조
1247,AJ1106383,경영학전공,20140521,2011,조직행동론,2004,이학종,法文社,658.4 이92조법
1249,AJ1103325,경영학전공,20120511,2009,조직행동론,2004,이학종,法文社,658.4 이92조법
1251,AJ1105789,경영학전공,20120613,2011,조직행동론,2004,이학종,法文社,658.4 이92조법
1252,AJ1111037,경영학전공,20140417,2012,조직행위론,2008,신구범,형설,658.4 신16조수
1254,AJ1106565,e-비즈니스학전공,20141214,2011,조직행위론,2008,신구범,형설,658.4 신16조수
1255,AJ1108340,경영학전공,20140410,2013,조직행위론,2008,신구범,형설,658.4 신16조수
1256,AJ1106580,경영학전공,20140423,2011,조직행위론,2005,신구범,형설,658.4 신16조
1257,AJ1106529,경영학전공,20140418,2011,조직행위론,2005,신구범,형설,658.4 신16조
1260,AJ1104556,경영학전공,20110606,2010,조직행위론,2005,신구범,형설,658.4 신16조
1261,AJ1102144,경영학전공,20110414,2008,조직행위론,2005,신구범,형설,658.4 신16조
1262,AJ1101549,e-비즈니스학전공,20110328,2008,조직행위론,2005,신구범,형설,658.4 신16조
1263,AJ1102224,경영학전공,20110407,2008,조직행위론,2005,신구범,형설,658.4 신16조
1265,AJ1108340,경영학전공,20140605,2013,조직행동연구,2006,백기복,창민사,658.4 백18조4
1266,AJ1104095,경영학전공,20140516,2010,조직행동연구,2006,백기복,창민사,658.4 백18조4
1268,AJ1106383,경영학전공,20140416,2011,조직행동연구,2006,백기복,창민사,658.4 백18조4
1269,AJ1102351,경영학전공,20130502,2008,조직행동연구,2006,백기복,창민사,658.4 백18조4
1271,AJ1101108,경영학전공,20110408,2007,조직행동연구,2006,백기복,창민사,658.4 백18조4
1274,AJ1107905,경영학전공,20130420,2012,조직행동론,2004,구본장,형설출판사,658.4 구45조
1275,AJ1101273,경영학전공,20121005,2007,조직행동론,2004,구본장,형설출판사,658.4 구45조
1276,AJ1104556,경영학전공,20120430,2010,조직행동론,2004,구본장,형설출판사,658.4 구45조
1279,AJ1106056,e-비즈니스학전공,20120418,2011,Introduction to operations research,2010,"Hillier, Frederick S",McGraw-Hill,658.4 H654i9i
1282,AJ1108031,경영학전공,20141110,2012,Introduction to operations research,2008,"Hillier, Frederick S",McGraw-Hill,658.4 H654i9
1289,AJ1107103,경영학전공,20130506,2010,경영과학,2007,"Hillier, Frederick S",한국맥그로힐,658.4 H654i8K김
1290,AJ1108031,경영학전공,20130423,2012,경영과학,2007,"Hillier, Frederick S",한국맥그로힐,658.4 H654i8K김
1291,AJ1102556,경영학전공,20130304,2009,경영과학,2007,"Hillier, Frederick S",한국맥그로힐,658.4 H654i8K김
1292,AJ1107159,경영학전공,20120518,2010,경영과학,2007,"Hillier, Frederick S",한국맥그로힐,658.4 H654i8K김
1293,AJ1102224,경영학전공,20110506,2008,경영과학,2007,"Hillier, Frederick S",한국맥그로힐,658.4 H654i8K김
1298,AJ1106011,경영학전공,20120613,2011,Introduction to operations research,1995,"Hillier, Frederick S",McGraw-Hill,658.4 H654i7
1299,AJ1107911,경영학전공,20120613,2012,Introduction to operations research,1995,"Hillier, Frederick S",McGraw-Hill,658.4 H654i7
1300,AJ1107862,경영학전공,20120831,2010,Introduction to operations research,1995,"Hillier, Frederick S",McGraw-Hill,658.4 H654i7
1304,AJ1108037,경영학전공,20120608,2012,경영과학,2010,"Hillier, Frederick S",한경사,658.4 H654i3K홍
1305,AJ1101914,경영학전공,20110520,2008,경영과학,2010,"Hillier, Frederick S",한경사,658.4 H654i3K홍
1306,AJ1100018,경영학전공,20110316,2002,경영과학,2010,"Hillier, Frederick S",한경사,658.4 H654i3K홍
1307,AJ1108026,경영학전공,20130418,2012,Introduction to operations research,1967,"Hillier, Frederick S",Holden-Day,658.4 H654I
1325,AJ1100230,경영학전공,20140509,2005,취업면접 기출질문 300,2013,표형종,진서원,658.31124 표94취
1336,AJ1101652,경영학전공,20140128,2008,(이시한의) 취업 자기소개서 불패(不敗)노트,2011,이시한,랜덤하우스코리아,658.31124 이58취
1337,AJ1100162,경영학전공,20131017,2005,(이시한의) 취업 자기소개서 불패(不敗)노트,2011,이시한,랜덤하우스코리아,658.31124 이58취
1344,AJ1100247,경영학전공,20130313,2005,(이시한의) 취업 자기소개서 불패(不敗)노트,2011,이시한,랜덤하우스코리아,658.31124 이58취
1358,AJ1101804,e-비즈니스학전공,20140331,2008,기적의 자소서,2013,조민혁,조선에듀케이션,658.311 조38기개
1361,AJ1102591,경영학전공,20150224,2009,기적의 자소서,2013,조민혁,조선에듀케이션,658.311 조38기개
1365,AJ1104528,경영학전공,20140321,2010,기적의 자소서,2012,조민혁,조선에듀케이션,658.311 조38기
1368,AJ1103351,경영학전공,20140502,2009,기적의 자소서,2012,조민혁,조선에듀케이션,658.311 조38기
1371,AJ1106582,경영학전공,20140327,2011,기적의 자소서,2012,조민혁,조선에듀케이션,658.311 조38기
1372,AJ1104434,경영학전공,20140303,2010,기적의 자소서,2012,조민혁,조선에듀케이션,658.311 조38기
1374,AJ1100162,경영학전공,20131017,2005,기적의 자소서,2012,조민혁,조선에듀케이션,658.311 조38기
1382,AJ1101652,경영학전공,20140128,2008,(금융 리더를 꿈꾸는 20대를 위한) 금융권 취업 가이드,2011,신재민,국일미디어,658.311 신73금
1383,AJ1108187,경영학전공,20140110,2011,(금융 리더를 꿈꾸는 20대를 위한) 금융권 취업 가이드,2011,신재민,국일미디어,658.311 신73금
1385,AJ1102487,경영학전공,20130410,2009,(금융 리더를 꿈꾸는 20대를 위한) 금융권 취업 가이드,2011,신재민,국일미디어,658.311 신73금
1387,AJ1102663,경영학전공,20140702,2009,(뽑고 싶어 안달 나게 하는) 자기소개서 작성법,2013,김세준,나비의활주로,658.311 김54자2013
1388,AJ1106111,경영학전공,20140501,2011,(뽑고 싶어 안달 나게 하는) 자기소개서 작성법,2013,김세준,나비의활주로,658.311 김54자2013
1391,AJ1105135,e-비즈니스학전공,20140801,2010,(뽑고 싶어 안달 나게 하는) 자기소개서 작성법,2013,김세준,나비의활주로,658.311 김54자2013
1393,AJ1101804,e-비즈니스학전공,20140319,2008,(뽑고 싶어 안달 나게 하는) 자기소개서 작성법,2011,김세준,나비의 활주로,658.311 김54자2
1397,AJ1102663,경영학전공,20140702,2009,(어디에 취업하고 싶으세요?) 직무분석 가이드,2011,김소연,에듀크라운,658.306 김55직
1403,AJ1102487,경영학전공,20130410,2009,(어디에 취업하고 싶으세요?) 직무분석 가이드,2011,김소연,에듀크라운,658.306 김55직
1405,AJ1104338,경영학전공,20121030,2010,(어디에 취업하고 싶으세요?) 직무분석 가이드,2011,김소연,에듀크라운,658.306 김55직
1406,AJ1108684,금융공학전공,20140520,2013,조직행동론,2009,신형재,무역경영사,658.3 신94조
1407,AJ1108686,금융공학전공,20140404,2013,조직행동론,2009,신형재,무역경영사,658.3 신94조
1410,AJ1108686,금융공학전공,20140507,2013,조직행동연구,2011,백기복,창민사,658.3 백18조5
1411,AJ1103358,경영학전공,20140507,2009,조직행동론,2011,"Robbins, Stephen P",피어슨에듀케이션코리아,658.3 R636o14K이
1414,AJ1111018,경영학전공,20140416,2012,조직행동론,2011,"Robbins, Stephen P",피어슨에듀케이션코리아,658.3 R636o14K이
1415,AJ1101661,경영학전공,20130624,2008,조직행동론,2011,"Robbins, Stephen P",피어슨에듀케이션코리아,658.3 R636o14K이
1416,AJ1101040,경영학전공,20130616,2007,조직행동론,2011,"Robbins, Stephen P",피어슨에듀케이션코리아,658.3 R636o14K이
1418,AJ1106440,경영학전공,20121206,2011,조직행동론,2011,"Robbins, Stephen P",피어슨에듀케이션코리아,658.3 R636o14K이
1419,AJ1105783,경영학전공,20140520,2011,조직행동론,2005,"Robbins, Stephen P",피어슨에듀케이션코리아,658.3 R636o11K김
1420,AJ1105470,e-비즈니스학전공,20140417,2011,조직행동론,2005,"Robbins, Stephen P",피어슨에듀케이션코리아,658.3 R636o11K김
1422,AJ1101280,경영학전공,20110419,2007,조직행동론,2008,"Robbins, Stephen P",시그마프레스,658.3 R636e9K김
1424,AJ1107116,경영학전공,20141030,2012,Understanding and managing organizational behavior,2012,"George, Jennifer M",Pearson Education,658.3 G348u6i
1428,AJ1111034,경영학전공,20140303,2012,Understanding and managing organizational behavior,2012,"George, Jennifer M",Prentice Hall,658.3 G348u6
1430,AJ1103358,경영학전공,20140507,2009,Understanding and managing organizational behavior,2008,"George, Jennifer M",Pearson Prentice Hall,658.3 G348u5
1431,AJ1109610,경영학전공,20131214,2013,Understanding and managing organizational behavior,2008,"George, Jennifer M",Pearson Prentice Hall,658.3 G348u5
1432,AJ1109490,경영학전공,20131118,2013,Understanding and managing organizational behavior,2008,"George, Jennifer M",Pearson Prentice Hall,658.3 G348u5
1434,AJ1101652,경영학전공,20120616,2008,Understanding and managing organizational behavior,2008,"George, Jennifer M",Pearson Prentice Hall,658.3 G348u5
1436,AJ1100018,경영학전공,20120608,2002,Understanding and managing organizational behavior,2008,"George, Jennifer M",Pearson Prentice Hall,658.3 G348u5
1437,AJ1105937,e-비즈니스학전공,20140306,2011,Understanding and managing organizational behavior,2004,"George, Jennifer M",Prentice-Hall/Pearson,658.3 G348u4
1438,AJ1109394,경영학전공,20131021,2013,Understanding and managing organizational behavior,1999,"George, Jennifer M",Prentice-Hall,658.3 G348u3
1440,AJ1105558,경영학전공,20110310,2010,Understanding and managing organizational behavior,1999,"George, Jennifer M",Addison-Wesley Pub,658.3 G348u2
1450,AJ1101305,경영학전공,20131126,2007,재무관리,2013,이영우,지혜의샘,658.15076 이64재3지
1452,AJ1100124,경영학전공,20120522,2005,재무관리,2001,황선웅,大英社,658.15 황54재재
1455,AJ1102601,경영학전공,20120529,2009,재무관리,2008,이해영,청람,658.15 이93재2
1456,AJ1104200,경영학전공,20120406,2010,재무관리,2008,이해영,청람,658.15 이93재2
1457,AJ1103965,e-비즈니스학전공,20140414,2010,재무관리,2011,송상엽,웅지,658.15 송52재
1461,AJ1101262,경영학전공,20130924,2007,재무관리,2010,박정식,다산,658.15 박74재3
1462,AJ1104553,금융공학전공,20121204,2010,재무관리,2008,김영규,博英社,658.15 김64재4연
1467,AJ1101274,경영학전공,20130604,2007,재무관리,2011,김민환,파란,658.15 김38재7
1477,AJ1102549,경영학전공,20141002,2009,(Ross의) 재무관리,2010,"Ross, Stephen A",한국맥그로힐,658.15 R826f9K박
1480,AJ1101732,경영학전공,20131128,2008,(Ross의) 재무관리,2010,"Ross, Stephen A",한국맥그로힐,658.15 R826f9K박
1481,AJ1107158,경영학전공,20130902,2010,(Ross의) 재무관리,2010,"Ross, Stephen A",한국맥그로힐,658.15 R826f9K박
1482,AJ1107087,경영학전공,20130508,2010,(Ross의) 재무관리,2010,"Ross, Stephen A",한국맥그로힐,658.15 R826f9K박
1485,AJ1111021,경영학전공,20140922,2012,재무관리,2006,"Ross, Stephen A",McGraw Hill,658.15 R826f7K박
1486,AJ1104557,경영학전공,20141208,2010,재무관리,2006,"Ross, Stephen A",McGraw Hill,658.15 R826f7K박
1487,AJ1107627,e-비즈니스학전공,20140919,2012,재무관리,2006,"Ross, Stephen A",McGraw Hill,658.15 R826f7K박
1490,AJ1107908,경영학전공,20130917,2012,재무관리,2006,"Ross, Stephen A",McGraw Hill,658.15 R826f7K박
1491,AJ1108026,경영학전공,20130917,2012,재무관리,2006,"Ross, Stephen A",McGraw Hill,658.15 R826f7K박
1492,AJ1108187,경영학전공,20130913,2011,재무관리,2006,"Ross, Stephen A",McGraw Hill,658.15 R826f7K박
1493,AJ1101627,경영학전공,20130326,2008,재무관리,2006,"Ross, Stephen A",McGraw Hill,658.15 R826f7K박
1494,AJ1106011,경영학전공,20121130,2011,재무관리,2006,"Ross, Stephen A",McGraw Hill,658.15 R826f7K박
1497,AJ1103358,경영학전공,20120924,2009,재무관리,2006,"Ross, Stephen A",McGraw Hill,658.15 R826f7K박
1498,AJ1105245,금융공학전공,20120925,2011,재무관리,2006,"Ross, Stephen A",McGraw Hill,658.15 R826f7K박
1499,AJ1101106,경영학전공,20111115,2007,재무관리,2006,"Ross, Stephen A",McGraw Hill,658.15 R826f7K박
1500,AJ1101222,e-비즈니스학전공,20110613,2007,재무관리,2006,"Ross, Stephen A",McGraw Hill,658.15 R826f7K박
1501,AJ1105879,e-비즈니스학전공,20141213,2011,(Ross의) 재무관리,2013,"Ross, Stephen A",맥그로힐에듀케이션코리아,658.15 R826f10K박
1503,AJ1111034,경영학전공,20140903,2012,(Ross의) 재무관리,2013,"Ross, Stephen A",맥그로힐에듀케이션코리아,658.15 R826f10K박
1504,AJ1105933,경영학전공,20140904,2011,(Ross의) 재무관리,2013,"Ross, Stephen A",맥그로힐에듀케이션코리아,658.15 R826f10K박
1505,AJ1108686,금융공학전공,20140528,2013,재무관리,2012,"Brigham, Eugene F",사이텍미디어,658.15 B855f6K장
1506,AJ1104471,금융공학전공,20140512,2010,재무관리,2012,"Brigham, Eugene F",사이텍미디어,658.15 B855f6K장
1521,AJ1107905,경영학전공,20141007,2012,비즈니스 프로세스 경영,2006,"Anupindi, Ravi",석정,658 A636mK김
1525,AJ1111037,경영학전공,20141015,2012,비즈니스 프로세스 경영,2006,"Anupindi, Ravi",석정,658 A636mK김
1526,AJ1111043,경영학전공,20141015,2012,비즈니스 프로세스 경영,2006,"Anupindi, Ravi",석정,658 A636mK김
1527,AJ1105786,경영학전공,20140615,2011,비즈니스 프로세스 경영,2006,"Anupindi, Ravi",석정,658 A636mK김
1529,AJ1101644,경영학전공,20131121,2008,비즈니스 프로세스 경영,2006,"Anupindi, Ravi",석정,658 A636mK김
1530,AJ1104979,경영학전공,20131014,2011,비즈니스 프로세스 경영,2006,"Anupindi, Ravi",석정,658 A636mK김
1532,AJ1106443,경영학전공,20121130,2011,비즈니스 프로세스 경영,2006,"Anupindi, Ravi",석정,658 A636mK김
1533,AJ1100106,e-비즈니스학전공,20121009,2004,비즈니스 프로세스 경영,2006,"Anupindi, Ravi",석정,658 A636mK김
1534,AJ1101706,경영학전공,20120330,2008,비즈니스 프로세스 경영,2006,"Anupindi, Ravi",석정,658 A636mK김
1535,AJ1101652,경영학전공,20120315,2008,비즈니스 프로세스 경영,2006,"Anupindi, Ravi",석정,658 A636mK김
1536,AJ1100302,경영학전공,20110303,2006,비즈니스 프로세스 경영,2006,"Anupindi, Ravi",석정,658 A636mK김
1537,AJ1111043,경영학전공,20141202,2012,(K-IFRS) 중급 재무회계,2012,송인만,신영사,657.48 송68중4
1538,AJ1102655,경영학전공,20140613,2009,(K-IFRS) 중급 재무회계,2012,송인만,신영사,657.48 송68중4
1539,AJ1102695,경영학전공,20140418,2009,(K-IFRS) 중급 재무회계,2012,송인만,신영사,657.48 송68중4
1540,AJ1103807,경영학전공,20130408,2009,(K-IFRS) 중급 재무회계,2012,송인만,신영사,657.48 송68중4
1541,AJ1104882,경영학전공,20141014,2010,(K-IFRS) 중급 재무회계,2011,송인만,신영사,657.48 송68중3
1543,AJ1101280,경영학전공,20141218,2007,(K-IFRS) 중급 재무회계,2011,송인만,신영사,657.48 송68중3
1544,AJ1107585,경영학전공,20131202,2012,(K-IFRS) 중급 재무회계,2011,송인만,신영사,657.48 송68중3
1545,AJ1108036,경영학전공,20131218,2012,(K-IFRS) 중급 재무회계,2011,송인만,신영사,657.48 송68중3
1546,AJ1101271,경영학전공,20120529,2007,(K-IFRS) 중급 재무회계,2011,송인만,신영사,657.48 송68중3
1547,AJ1101281,경영학전공,20110801,2007,(K-IFRS) 중급 재무회계,2011,송인만,신영사,657.48 송68중3
1548,AJ1105465,경영학전공,20141013,2010,(K-IFRS) 중급 재무회계,2010,송인만,신영사,657.48 송68중2
1550,AJ1103583,경영학전공,20110328,2009,(K-IFRS) 중급 재무회계,2010,송인만,신영사,657.48 송68중2
1551,AJ1100230,경영학전공,20140321,2005,원가관리회계,2003,이창우,博英社,657.42076 이82원2해답집
1552,AJ1100269,경영학전공,20131216,2006,원가관리회계,2003,이창우,博英社,657.42076 이82원2해답집
1553,AJ1100250,경영학전공,20131125,2005,원가관리회계,2003,이창우,博英社,657.42076 이82원2해답집
1554,AJ1102479,경영학전공,20110414,2009,원가관리회계,2003,이창우,博英社,657.42076 이82원2해답집
1555,AJ1105785,경영학전공,20141204,2011,원가관리회계,2007,이창우,博英社,657.42076 이82원2개
1556,AJ1101770,경영학전공,20131118,2008,원가관리회계,2007,이창우,博英社,657.42076 이82원2개
1557,AJ1100444,경영학전공,20131015,2006,원가관리회계,2007,이창우,博英社,657.42076 이82원2개
1558,AJ1101960,경영학전공,20110321,2008,원가관리회계,2005,삼일회계법인,경영과회계,657.42076 삼68원재
1559,AJ1100301,경영학전공,20120316,2006,원가관리회계,2005,백태영,新英社,657.42076 백883원2
1561,AJ1105636,경영학전공,20130910,2010,원가관리회계,2010,백태영,신영사,657.42 백883원4
1563,AJ1108185,경영학전공,20141105,2011,IFRS 중급회계,2013,정운오,경문사,657.044 중17정4수증
1564,AJ1100113,경영학전공,20140901,2005,IFRS 중급회계,2013,정운오,경문사,657.044 중17정4수증
1566,AJ1104643,금융공학전공,20141007,2010,IFRS 중급회계,2013,정운오,경문사,657.044 중17정4수증
1567,AJ1107103,경영학전공,20131227,2010,IFRS 중급회계,2013,정운오,경문사,657.044 중17정4수증
1568,AJ1103014,e-비즈니스학전공,20130923,2009,IFRS 중급회계,2013,정운오,경문사,657.044 중17정4수증
1569,AJ1103807,경영학전공,20130430,2009,IFRS 중급회계,2013,정운오,경문사,657.044 중17정4수증
1570,AJ1102571,경영학전공,20130409,2009,IFRS 중급회계,2013,정운오,경문사,657.044 중17정4수증
1571,AJ1111021,경영학전공,20141201,2012,(IFRS) 중급회계,2012,정운오,경문사,657.044 중17정4
1572,AJ1102655,경영학전공,20140613,2009,(IFRS) 중급회계,2012,정운오,경문사,657.044 중17정4
1573,AJ1101652,경영학전공,20140422,2008,(IFRS) 중급회계,2012,정운오,경문사,657.044 중17정4
1574,AJ1107585,경영학전공,20131202,2012,(IFRS) 중급회계,2012,정운오,경문사,657.044 중17정4
1576,AJ1102571,경영학전공,20130322,2009,(IFRS) 중급회계,2012,정운오,경문사,657.044 중17정4
1577,AJ1100862,경영학전공,20120617,2007,(IFRS) 중급회계,2012,정운오,경문사,657.044 중17정4
1578,AJ1104643,금융공학전공,20141201,2010,(IFRS) 중급회계,2009,정운오,경문사,657.044 중17정
1579,AJ1105243,경영학전공,20141006,2011,(IFRS) 중급회계,2009,정운오,경문사,657.044 중17정
1581,AJ1106110,경영학전공,20131216,2011,(IFRS) 중급회계,2009,정운오,경문사,657.044 중17정
1582,AJ1102433,e-비즈니스학전공,20111031,2008,(IFRS) 중급회계,2009,정운오,경문사,657.044 중17정
1584,AJ1100027,e-비즈니스학전공,20121210,2002,IFRS 중급회계,2010,신현걸,탐진,657.044 신94i2
1586,AJ1100126,경영학전공,20120906,2005,IFRS 중급회계,2010,신현걸,탐진,657.044 신94i2
1587,AJ1101921,경영학전공,20110901,2008,IFRS 중급회계,2010,신현걸,탐진,657.044 신94i2
1588,AJ1102433,e-비즈니스학전공,20111030,2008,IFRS 중급회계,2010,신현걸,탐진,657.044 신94i2
1589,AJ1104509,경영학전공,20141017,2010,(IFRS) 중급회계,2013,송상엽,웅지,657.044 송52중4전개
1590,AJ1105190,e-비즈니스학전공,20130811,2010,(IFRS) 중급회계,2012,송상엽,웅지,657.044 송52중3전개
1592,AJ1100719,경영학전공,20120831,2006,IFRS 중급회계,2011,김영덕,다임,657.044 김64i3
1593,AJ1101652,경영학전공,20120616,2008,IFRS 중급회계,2010,김영덕,다임,657.044 김64i2
1594,AJ1101689,경영학전공,20110304,2008,IFRS 중급회계,2010,김영덕,다임,657.044 김64i2
1596,AJ1110632,경영학전공,20140926,2014,(스토리텔링으로 누구나 쉽게 배우는) 회계학 콘서트,2008,임총,한국경제신문 한경BP,657 임84교K박
1601,AJ1103823,경영학전공,20141027,2009,(스토리텔링으로 누구나 쉽게 배우는) 회계학 콘서트,2008,임총,한국경제신문 한경BP,657 임84교K박
1603,AJ1105470,e-비즈니스학전공,20111008,2011,(스토리텔링으로 누구나 쉽게 배우는) 회계학 콘서트,2008,임총,한국경제신문 한경BP,657 임84교K박
1604,AJ1105786,경영학전공,20110719,2011,(스토리텔링으로 누구나 쉽게 배우는) 회계학 콘서트,2008,임총,한국경제신문 한경BP,657 임84교K박
1606,AJ1111037,경영학전공,20140425,2012,회계 천재가 된 홍대리,2007,손봉석,다산북스,657 손45회
1607,AJ1106529,경영학전공,20140905,2011,회계 천재가 된 홍대리,2007,손봉석,다산북스,657 손45회
1609,AJ1103384,경영학전공,20140117,2009,회계 천재가 된 홍대리,2007,손봉석,다산북스,657 손45회
1610,AJ1102487,경영학전공,20130711,2009,회계 천재가 된 홍대리,2007,손봉석,다산북스,657 손45회
1615,AJ1101032,경영학전공,20110506,2007,회계 천재가 된 홍대리,2007,손봉석,다산북스,657 손45회
1616,AJ1105558,경영학전공,20110506,2010,회계 천재가 된 홍대리,2007,손봉석,다산북스,657 손45회
1617,AJ1102296,경영학전공,20110509,2008,회계 천재가 된 홍대리,2007,손봉석,다산북스,657 손45회
1618,AJ1110826,경영학전공,20140905,2014,회계학원론,2012,김호중,창민사,657 김95회7
1620,AJ1108340,경영학전공,20140327,2013,회계학원론,2012,김호중,창민사,657 김95회7
1621,AJ1110637,경영학전공,20140803,2014,회계학원론,2011,김호중,창민사,657 김95회6
1622,AJ1110819,경영학전공,20140903,2014,회계학원론,2011,김호중,창민사,657 김95회6
1623,AJ1103921,e-비즈니스학전공,20130917,2010,회계학원론,2011,김호중,창민사,657 김95회6
1625,AJ1101544,경영학전공,20120521,2008,회계학원론,2011,김호중,창민사,657 김95회6
1626,AJ1109961,금융공학전공,20140925,2014,회계학원론,2009,김호중,창민사,657 김95회5
1630,AJ1107085,경영학전공,20120618,2010,회계학원론,2008,김호중,창민사,657 김95회3
1631,AJ1107082,경영학전공,20120427,2010,회계학원론,2008,김호중,창민사,657 김95회3
1632,AJ1100442,경영학전공,20110905,2006,회계학원론,2008,김호중,창민사,657 김95회3
1633,AJ1104656,경영학전공,20110330,2010,회계학원론,2007,김호중,창민사,657 김95회2
1637,AJ1102479,경영학전공,20110404,2009,회계학원론,2007,김복구,한올,657 김45회개
1644,AJ1102944,경영학전공,20130902,2009,천 번을 흔들려야 어른이 된다,2012,김난도,오우아,650.19842 김192천
1673,AJ1101307,e-비즈니스학전공,20140905,2007,기적의 자소서 합격 사례 30,2013,조민혁,조선에듀케이션,650.142 조38기합
1676,AJ1100230,경영학전공,20140409,2005,기적의 자소서 합격 사례 30,2013,조민혁,조선에듀케이션,650.142 조38기합
1678,AJ1105135,e-비즈니스학전공,20140801,2010,기적의 자소서 합격 사례 30,2013,조민혁,조선에듀케이션,650.142 조38기합
1679,AJ1103351,경영학전공,20140404,2009,기적의 자소서 합격 사례 30,2013,조민혁,조선에듀케이션,650.142 조38기합
1680,AJ1106582,경영학전공,20140327,2011,기적의 자소서 합격 사례 30,2013,조민혁,조선에듀케이션,650.142 조38기합
1681,AJ1102374,경영학전공,20130903,2008,기적의 자소서 합격 사례 30,2013,조민혁,조선에듀케이션,650.142 조38기합
1682,AJ1104434,경영학전공,20140324,2010,뽑히는 자기소개서,2011,신길자,서울문화사,650.142 뽑98신
1686,AJ1106582,경영학전공,20140424,2011,뽑히는 자기소개서,2011,신길자,서울문화사,650.142 뽑98신
1695,AJ1104434,경영학전공,20140303,2010,(남의 것을 훔쳐보며 터득하는) 자기소개서 비법노트,2012,김세준,북마에스트로,650.142 김54자
1704,AJ1105667,경영학전공,20140821,2011,대기업 합격 자기소개서 사례 및 해설집,2012,김세준,북마에스트로,650.142 김54대
1708,AJ1100230,경영학전공,20140409,2005,대기업 합격 자기소개서 사례 및 해설집,2012,김세준,북마에스트로,650.142 김54대
1712,AJ1111043,경영학전공,20150203,2012,공모전 입상 실전공식,2010,하하하,전나무숲,650.14 하92공
1713,AJ1105881,e-비즈니스학전공,20130710,2011,공모전 입상 실전공식,2010,하하하,전나무숲,650.14 하92공
1716,AJ1101106,경영학전공,20111220,2007,공모전 입상 실전공식,2010,하하하,전나무숲,650.14 하92공
1717,AJ1101030,경영학전공,20120112,2007,공모전 입상 실전공식,2010,하하하,전나무숲,650.14 하92공
1720,AJ1102945,경영학전공,20140303,2009,졸업 전에 취업하라,2012,박천웅,북이십일 21세기북스,650.14 박83졸
1721,AJ1102559,경영학전공,20140517,2009,졸업 전에 취업하라,2012,박천웅,북이십일 21세기북스,650.14 박83졸
1726,AJ1102554,경영학전공,20140828,2009,인생학교,2013,"Krznaric, Roman",쌤앤파커스,650.14 K94hK정
1731,AJ1100230,경영학전공,20140509,2005,(뽑고 싶어 안달 나게 하는) 면접답변법,2013,김세준,나비의활주로,650.114 김54면2013
1733,AJ1110582,경영학전공,20140313,2014,아프니까 청춘이다,2010,김난도,쌤앤파커스,650.10842 김192아
1746,AJ1108744,금융공학전공,20131029,2013,아프니까 청춘이다,2010,김난도,쌤앤파커스,650.10842 김192아
1768,AJ1102944,경영학전공,20130904,2009,(김난도의) 내:일,2013,김난도,오우아,650.10842 김192내
1776,AJ1110641,경영학전공,20140305,2014,독서 천재가 된 홍 대리,2011,이지성,다산북스,650.1 이78독
1778,AJ1101662,경영학전공,20140129,2008,독서 천재가 된 홍 대리,2011,이지성,다산북스,650.1 이78독
1779,AJ1102559,경영학전공,20140722,2009,독서 천재가 된 홍 대리,2011,이지성,다산북스,650.1 이78독
1782,AJ1102487,경영학전공,20130704,2009,독서 천재가 된 홍 대리,2011,이지성,다산북스,650.1 이78독
1789,AJ1105082,금융공학전공,20120312,2011,독서 천재가 된 홍 대리,2011,이지성,다산북스,650.1 이78독
1797,AJ1105845,경영학전공,20140627,2011,내게 스무 살이 다시 온다면,2011,이남미,밸류앤북스,650.1 이192내
1805,AJ1102374,경영학전공,20110904,2008,내게 스무 살이 다시 온다면,2011,이남미,밸류앤북스,650.1 이192내
1809,AJ1101659,경영학전공,20140706,2008,(유수연의) 독설,2012,유수연,위즈덤하우스,650.1 유56독
1810,AJ1104979,경영학전공,20140203,2011,(유수연의) 독설,2012,유수연,위즈덤하우스,650.1 유56독
1818,AJ1102559,경영학전공,20130103,2009,(유수연의) 독설,2012,유수연,위즈덤하우스,650.1 유56독
1819,AJ1103015,e-비즈니스학전공,20130110,2009,(유수연의) 독설,2012,유수연,위즈덤하우스,650.1 유56독
1825,AJ1102944,경영학전공,20131002,2009,(시골의사 박경철의) 자기혁명,2011,박경철,웅진씽크빅,650.1 박14자
1829,AJ1103025,e-비즈니스학전공,20130326,2009,(시골의사 박경철의) 자기혁명,2011,박경철,웅진씽크빅,650.1 박14자
1830,AJ1102551,경영학전공,20120807,2009,(시골의사 박경철의) 자기혁명,2011,박경철,웅진씽크빅,650.1 박14자
1831,AJ1104338,경영학전공,20120903,2010,(시골의사 박경철의) 자기혁명,2011,박경철,웅진씽크빅,650.1 박14자
1840,AJ1105989,경영학전공,20141005,2011,지혜의 심리학,2013,김경일,진성북스,650.1 김14지진
1851,AJ1106057,금융공학전공,20110628,2011,바보 빅터,2011,"Posada, Joachim de",한국경제신문 한경BP,650.1 P855vK한
1852,AJ1106053,e-비즈니스학전공,20111203,2011,바보 빅터,2011,"Posada, Joachim de",한국경제신문 한경BP,650.1 P855vK한
1859,AJ1107868,e-비즈니스학전공,20130329,2012,마시멜로 이야기,2005,"Posada, Joachim de",한국경제신문,650.1 P855dK정
1861,AJ1102559,경영학전공,20120727,2009,마시멜로 이야기,2005,"Posada, Joachim de",한국경제신문,650.1 P855dK정
1870,AJ1107868,e-비즈니스학전공,20130401,2012,마시멜로 두 번째 이야기,2007,"Posada, Joachim de",한국경제신문사,650.1 P855dK공 v.2
1874,AJ1102559,경영학전공,20120813,2009,마시멜로 두 번째 이야기,2007,"Posada, Joachim de",한국경제신문사,650.1 P855dK공 v.2
1884,AJ1101030,경영학전공,20140719,2007,아웃라이어,2009,"Gladwell, Malcolm",김영사,650.1 G543oK노
1887,AJ1110641,경영학전공,20140305,2014,아웃라이어,2009,"Gladwell, Malcolm",김영사,650.1 G543oK노
1890,AJ1105575,경영학전공,20130520,2010,아웃라이어,2009,"Gladwell, Malcolm",김영사,650.1 G543oK노
1895,AJ1106057,금융공학전공,20120510,2011,아웃라이어,2009,"Gladwell, Malcolm",김영사,650.1 G543oK노
2165,AJ1106057,금융공학전공,20110622,2011,(대안 없는 대안) 원자력 발전,2005,신부용,생각의나무,621.483 신46원
2240,AJ1106597,경영학전공,20111201,2011,디지털 디자인,2008,"Wakerly, John F",사이텍미디어,621.395 W149d4K김
2978,AJ1107556,경영학전공,20141010,2012,(KUBY) 면역학,2006,"Goldsby, Richard A",월드사이언스,616.079 i33r5K강
2983,AJ1107585,경영학전공,20120530,2012,(KUBY) 면역학,2006,"Goldsby, Richard A",월드사이언스,616.079 i33r5K강
3014,AJ1105522,경영학전공,20120702,2009,(리핀코트의 그림으로 보는) 약리학,2006,"Harvey, Richard A",신일상사,615.1 H342L3K임
3018,AJ1105466,경영학전공,20120911,2010,육식의 종말,2002,"Rifkin, Jeremy",시공사,613.26 R564bK신
3024,AJ1104528,경영학전공,20120415,2010,생리심리학,2008,"Carlson, Neil R",박학사,612.82 C284f7K정
3027,AJ1105335,경영학전공,20120517,2010,생리심리학,2008,"Carlson, Neil R",박학사,612.82 C284f7K정
3029,AJ1105575,경영학전공,20120320,2010,생리심리학,2008,"Carlson, Neil R",박학사,612.82 C284f7K정
3030,AJ1106055,e-비즈니스학전공,20140922,2011,생각하지 않는 사람들,2011,"Carr, Nicholas G",청림,612.80285 C312sK최
3041,AJ1100886,경영학전공,20110926,2007,생각하지 않는 사람들,2011,"Carr, Nicholas G",청림,612.80285 C312sK최
3101,AJ1107556,경영학전공,20140425,2012,생리학,2008,"Fox, Stuart Ira",라이프사이언스,612 F794h10K박
3110,AJ1110584,경영학전공,20141203,2014,(시골의사의) 아름다운 동행,2005,박경철,리더스북,610.92 박14아
3258,AJ1108478,경영학전공,20140429,2013,이기적 유전자,2006,"Dawkins, Richard",을유문화사,574.87322 D271sK홍을
3278,AJ1105441,경영학전공,20110807,2010,이기적 유전자,2006,"Dawkins, Richard",을유문화사,574.87322 D271sK홍을
4596,AJ1102944,경영학전공,20140429,2009,일반화학,2008,"Chang, Raymond",자유아카데미,540 C456g5K일5
4627,AJ1102944,경영학전공,20140407,2009,(Chang) 일반화학,2003,"Chang, Raymond",자유아카데미,540 C456c7K화
4725,AJ1108037,경영학전공,20130930,2012,엔트로피,1983,"Rifkin, Jeremy",圓音出版社,536.73 R564EK김원
4885,AJ1107888,금융공학전공,20131121,2012,대학 물리학,2003,"Young, Hugh D",북스힐,530 Y72u10K대
4889,AJ1102715,e-비즈니스학전공,20130903,2009,대학 물리학,2003,"Young, Hugh D",북스힐,530 Y72u10K대
4998,AJ1102547,경영학전공,20130612,2009,물리학,2004,"Giambattista, Alan",북스힐,530 G432cK물
5056,AJ1103319,경영학전공,20141128,2009,통계학,2007,홍찬식,지인북스,519.5 홍82통
5058,AJ1100862,경영학전공,20121208,2007,통계학,2007,홍찬식,지인북스,519.5 홍82통
5074,AJ1111022,경영학전공,20140526,2012,현대통계학,2010,박정식,다산,519.5 박74현5
5083,AJ1103358,경영학전공,20120926,2009,통계학,2010,류근관,法文社,519.5 류17통2
5096,AJ1108758,금융공학전공,20141106,2013,수리통계학,2008,김홍준,시그마프레스,519.5 김95수수
5100,AJ1104465,금융공학전공,20140730,2010,수리통계학,2012,김우철,민영사,519.5 김66수
5105,AJ1101661,경영학전공,20131016,2008,(이공학도를 위한) 확률 및 통계학,2011,"Walpole, Ronald E",피어슨에듀케이션코리아,519.5 P962r9K김9
5115,AJ1104643,금융공학전공,20140417,2010,(이공계 과학도를 위한)Matlab 사용법과 그 응용,1998,김창근,교우사,519.40285 김82m2
5131,AJ1105251,금융공학전공,20140609,2011,응용수치해석,2003,"Gerald, Curtis F",홍릉과학출판사,519.4 G354a6K권
5135,AJ1110877,경영학전공,20140521,2014,응용수치해석,2005,"Chapra, Steven C",한국맥그로힐,519.4 C467aK손
5174,AJ1108758,금융공학전공,20150211,2013,미분적분학,2005,수학교재편찬위원회,淸文閣,515.3 수92미2
5230,AJ1104559,금융공학전공,20141118,2011,미분적분학,2010,"Stewart, James",경문사,515.3 S849c6K수e
5236,AJ1108747,금융공학전공,20131202,2013,미분적분학,2009,"Stewart, James",淸文閣,515.3 S849c6K수
5275,AJ1108758,금융공학전공,20140509,2013,Calculus,2012,"Stewart, James",Brooks/Cole-Cengage Learning,515 S849c7
5312,AJ1104471,금융공학전공,20110420,2010,선형대수학,2005,한재영,경문사,512.5 한73선5
5313,AJ1104552,금융공학전공,20140414,2010,선형대수학,2003,"Williams, Gareth",사이텍미디어,512.5 W723LK이
5316,AJ1108744,금융공학전공,20140414,2013,선형대수학,2010,"Poole, David",경문사,512.5 P822L2K강
5588,AJ1107909,경영학전공,20140303,2012,과학사신론,1999,김영식,다산출판사,509 김64과신
5603,AJ1105895,경영학전공,20140904,2011,과학사신론,2007,김영식,다산,509 김64과2
5610,AJ1100253,경영학전공,20121226,2005,과학사신론,2007,김영식,다산,509 김64과2
5613,AJ1100271,경영학전공,20120615,2006,과학사신론,2007,김영식,다산,509 김64과2
5615,AJ1110581,경영학전공,20140613,2014,(정재승의) 과학 콘서트,2011,정재승,어크로스,502 정73과개증
5618,AJ1105705,e-비즈니스학전공,20120927,2011,(정재승의) 과학 콘서트,2011,정재승,어크로스,502 정73과개증
5639,AJ1100302,경영학전공,20140109,2006,서양과학사상사,2013,"Henry, John",책과함께,501 H522sK노
5640,AJ1101397,e-비즈니스학전공,20140108,2007,서양과학사상사,2013,"Henry, John",책과함께,501 H522sK노
5642,AJ1103582,경영학전공,20131029,2009,서양과학사상사,2013,"Henry, John",책과함께,501 H522sK노
5649,AJ1102487,경영학전공,20130218,2009,Hello! OPIc,2008,이현석,크레듀,428.24 이94h
5658,AJ1103585,경영학전공,20130405,2009,Hello! OPIc,2007,신동일,크레듀,428.24 신25h
5659,AJ1103405,경영학전공,20130417,2009,Hello! OPIc,2007,신동일,크레듀,428.24 신25h
5672,AJ1105709,경영학전공,20141001,2011,(ETS) TOEIC speaking test 공식문제집,2007,Educational Testing Service,YBM Si-sa,428.076 E24t
5673,AJ1103384,경영학전공,20140110,2009,(ETS) TOEIC speaking test 공식문제집,2007,Educational Testing Service,YBM Si-sa,428.076 E24t
5695,AJ1101659,경영학전공,20140705,2008,해커스 토익,2013,"Cho, David",해커스 어학연구소,428 C545해L4
5700,AJ1103807,경영학전공,20121209,2009,해커스 토익,2008,"Cho, David",해커스 어학연구소,428 C545해3
5701,AJ1102571,경영학전공,20130322,2009,해커스 토익,2008,"Cho, David",해커스 어학연구소,428 C545해3
5702,AJ1100301,경영학전공,20120904,2006,해커스 토익,2008,"Cho, David",해커스 어학연구소,428 C545해3
5704,AJ1100027,e-비즈니스학전공,20120330,2002,해커스 토익,2008,"Cho, David",해커스 어학연구소,428 C545해3
5712,AJ1104473,금융공학전공,20110302,2010,(Hackers) TOEFL,2006,"Cho, David",해커스 어학 연구소,428 C545t
5714,AJ1106111,경영학전공,20140925,2011,(New) Top Japanese,2003,三木壽壽惠,시사일본어사,413.8 T673삼개
5718,AJ1105785,경영학전공,20121207,2011,(New) Top Japanese,2007,삼목수수혜,시사일본어사,413.8 T673삼2개
5727,AJ1102503,경영학전공,20131016,2009,일반언어학 강의,2006,"Saussure, Ferdinand de",민음사,410 S259cK최
5738,AJ1101089,경영학전공,20120522,2007,매너의 역사,1995,"Elias, Norbert",신서원,390.09 E42cK유
5740,AJ1104338,경영학전공,20120530,2010,매너의 역사,1995,"Elias, Norbert",신서원,390.09 E42cK유
5745,AJ1104095,경영학전공,20140901,2010,나쁜 사마리아인들,2007,"Chang, Ha-Joon",부키,382.71 C456bK장
5746,AJ1100113,경영학전공,20140807,2005,나쁜 사마리아인들,2007,"Chang, Ha-Joon",부키,382.71 C456bK장
5756,AJ1100953,경영학전공,20111020,2007,나쁜 사마리아인들,2007,"Chang, Ha-Joon",부키,382.71 C456bK장
5762,AJ1108412,경영학전공,20131105,2013,모리와 함께한 화요일,1998,"Albom, Mitch",세종서적,378.12092 A339tK공
5766,AJ1106386,경영학전공,20140516,2011,모리와 함께한 화요일,1998,"Albom, Mitch",세종서적,378.12092 A339t3K공
5770,AJ1104882,경영학전공,20110916,2010,모리와 함께한 화요일,1998,"Albom, Mitch",세종서적,378.12092 A339t3K공
5789,AJ1105634,경영학전공,20130520,2010,스무살에 알았더라면 좋았을 것들,2010,"Seelig, Tina Lynn",웅진씽크빅,370.113 S452wK이
5797,AJ1102554,경영학전공,20141007,2009,왜 세계의 절반은 굶주리는가?,2007,"Zigler, Jeon",갈라파고스,363.8 Z68fK유
5799,AJ1108550,경영학전공,20130813,2013,왜 세계의 절반은 굶주리는가?,2007,"Zigler, Jeon",갈라파고스,363.8 Z68fK유
5837,AJ1100453,e-비즈니스학전공,20131015,2006,과학기술과 법,2009,오승한,기한재,344.095 오57과개
5839,AJ1100302,경영학전공,20111202,2006,과학기술과 법,2009,오승한,기한재,344.095 오57과개
5840,AJ1101033,경영학전공,20150105,2007,과학기술과 법,2008,오승한,기한재,344.095 오57과
5843,AJ1105160,경영학전공,20141205,2010,(한국인의) 법과 생활,2011,법무부. 범죄예방정책국.법교육팀,법무부 범죄예방정책국 법교육팀,340 법36법개2013
5858,AJ1105937,e-비즈니스학전공,20140421,2011,(한국인의) 법과 생활,2007,법무부 한국법교육센터,법무부,340 법36법개
5863,AJ1108191,경영학전공,20140616,2011,맨큐의 경제학 연습문제풀이,2001,"Mankiw, N. Gregory",교보문고,339.076 M278pK김개
5870,AJ1101106,경영학전공,20110609,2007,맨큐의 경제학 연습문제풀이,2001,"Mankiw, N. Gregory",교보문고,339.076 M278pK김개
5872,AJ1108026,경영학전공,20120514,2012,맨큐의 경제학 연습문제풀이,2001,"Mankiw, N. Gregory",교보문고,339.076 M278pK김
5873,AJ1105757,경영학전공,20141204,2011,맨큐의 경제학,2005,"Mankiw, N. Gregory",교보문고,339.076 M278p3K김
5877,AJ1104556,경영학전공,20120917,2010,맨큐의 경제학,2005,"Mankiw, N. Gregory",교보문고,339.076 M278p3K김
5880,AJ1101106,경영학전공,20110426,2007,맨큐의 경제학,2005,"Mankiw, N. Gregory",교보문고,339.076 M278p3K김
5882,AJ1104159,경영학전공,20140529,2010,거시경제학,2012,조장옥,弘文社,339 조72거2
5885,AJ1104159,경영학전공,20140410,2010,거시경제론,2010,정운찬,율곡,339 정66거9
5895,AJ1100301,경영학전공,20121211,2006,거시경제론,2007,정운찬,율곡,339 정66거8
5900,AJ1104555,금융공학전공,20111208,2010,거시경제론,2003,정운찬,栗谷,339 정66거6
5904,AJ1102102,경영학전공,20120522,2008,거시경제학,2004,오상근,博英社,339 오52거개
5905,AJ1101270,경영학전공,20130422,2007,거시경제학,2005,양영준,마에스터,339 양64거
5908,AJ1100999,경영학전공,20140303,2007,Macroeconomics,2011,"Williamson, Stephen D",Addison-Wesley,339 W732m4
5912,AJ1104643,금융공학전공,20141014,2010,Macroeconomics,2007,"Williamson, Stephen D",Pearson/Addison Wesley,339 W732m3
5913,AJ1100301,경영학전공,20121009,2006,Macroeconomics,2007,"Williamson, Stephen D",Pearson/Addison Wesley,339 W732m3
5917,AJ1108036,경영학전공,20120619,2012,맨큐의 경제학,1999,"Mankiw, N. Gregory",교보문고,339 M278pK김
5919,AJ1106011,경영학전공,20111207,2011,맨큐의 경제학,1999,"Mankiw, N. Gregory",교보문고,339 M278pK김
5921,AJ1105845,경영학전공,20110916,2011,맨큐의 경제학,1999,"Mankiw, N. Gregory",교보문고,339 M278pK김
5922,AJ1106139,경영학전공,20111012,2011,맨큐의 경제학,1999,"Mankiw, N. Gregory",교보문고,339 M278pK김
5925,AJ1111062,경영학전공,20140916,2014,맨큐의 경제학,1999,"Mankiw, N. Gregory",교보문고,339 M278p3K김
5926,AJ1109899,e-비즈니스학전공,20140414,2014,맨큐의 경제학,1999,"Mankiw, N. Gregory",교보문고,339 M278p3K김
5929,AJ1108191,경영학전공,20140614,2011,맨큐의 경제학,1999,"Mankiw, N. Gregory",교보문고,339 M278p3K김
5940,AJ1102100,경영학전공,20130318,2008,거시경제학,2010,"Mankiw, N. Gregory",시그마프레스,339 M278m7K이
5943,AJ1108550,경영학전공,20140930,2013,거시경제학,2007,"Mankiw, N. Gregory",시그마프레스,339 M278m6K이
5948,AJ1105159,경영학전공,20121205,2010,거시경제학,2007,"Mankiw, N. Gregory",시그마프레스,339 M278m6K이
5956,AJ1104338,경영학전공,20120918,2010,거시경제학 -,2005,"Mankiw, N. Gregory",시그마프레스,339 M278m5K이
5957,AJ1104555,금융공학전공,20111206,2010,거시경제학 -,2005,"Mankiw, N. Gregory",시그마프레스,339 M278m5K이
5963,AJ1105159,경영학전공,20121004,2010,거시경제학 -,1998,"Mankiw, N. Gregory",시그마프레스,339 M278m3K이
5964,AJ1103325,경영학전공,20140901,2009,거시경제학,2010,"Blanchard, Olivier",시그마프레스,339 B639m5K최
5974,AJ1102144,경영학전공,20120311,2008,거시경제학,2007,"Blanchard, Olivier",시그마프레스,339 B639m4K최
5977,AJ1100719,경영학전공,20141013,2006,산업조직론,2004,정갑영,博英社,338.6 정12산2
5983,AJ1105758,경영학전공,20150202,2011,트렌드 코리아 2014,2013,김난도 1963-,미래의창,338.544 트294김2014
5984,AJ1101307,e-비즈니스학전공,20140901,2007,트렌드 코리아 2014,2013,김난도 1963-,미래의창,338.544 트294김2014
5987,AJ1111043,경영학전공,20150203,2012,트렌드 코리아 2014,2013,김난도 1963-,미래의창,338.544 트294김2014
5988,AJ1107871,e-비즈니스학전공,20140109,2012,트렌드 코리아 2014,2013,김난도 1963-,미래의창,338.544 트294김2014
5989,AJ1104104,경영학전공,20140314,2010,트렌드 코리아 2013,2012,김난도,미래의창,338.544 트294김2013
5990,AJ1106053,e-비즈니스학전공,20140428,2011,트렌드 코리아 2013,2012,김난도,미래의창,338.544 트294김2013
5992,AJ1103319,경영학전공,20130521,2009,트렌드 코리아 2013,2012,김난도,미래의창,338.544 트294김2013
5993,AJ1102559,경영학전공,20130218,2009,트렌드 코리아 2013,2012,김난도,미래의창,338.544 트294김2013
5995,AJ1101221,e-비즈니스학전공,20130328,2007,트렌드 코리아 2013,2012,김난도,미래의창,338.544 트294김2013
5998,AJ1101662,경영학전공,20140930,2008,미시경제학,2013,이준구,문우사,338.5 이76미6문
5999,AJ1107116,경영학전공,20141205,2012,미시경제학,2008,이준구,法文社,338.5 이76미5법
6002,AJ1103146,경영학전공,20121203,2009,미시경제학,2008,이준구,法文社,338.5 이76미5법
6010,AJ1108744,금융공학전공,20141127,2013,미시경제학,2002,이준구,法文社,338.5 이76미4
6011,AJ1106529,경영학전공,20141213,2011,미시경제학,2002,이준구,法文社,338.5 이76미4
6014,AJ1100611,경영학전공,20120611,2006,미시경제학,2002,이준구,法文社,338.5 이76미4
6019,AJ1108686,금융공학전공,20141017,2013,미시경제학,2011,성백남,박영사,338.5 성43미개
6020,AJ1108264,경영학전공,20141212,2013,미시경제학,2011,성백남,박영사,338.5 성43미개
6021,AJ1106565,e-비즈니스학전공,20141214,2011,미시경제학,2008,서승환,弘文社,338.5 서57미5
6023,AJ1104159,경영학전공,20140314,2010,미시경제학,2011,김영산,博英社,338.5 김64미중
6027,AJ1106064,금융공학전공,20141127,2011,미시경제학,2003,"Pindyck, Robert S",시그마프레스,338.5 P648m7K박
6028,AJ1104643,금융공학전공,20141126,2010,미시경제학,2003,"Pindyck, Robert S",시그마프레스,338.5 P648m7K박
6031,AJ1100999,경영학전공,20140303,2007,미시경제학,2003,"Pindyck, Robert S",시그마프레스,338.5 P648m7K박
6032,AJ1101770,경영학전공,20130530,2008,미시경제학,2003,"Pindyck, Robert S",시그마프레스,338.5 P648m7K박
6040,AJ1100862,경영학전공,20120604,2007,미시경제학,2005,"Pindyck, Robert S",피어슨에듀케이션코리아,338.5 P648m6K박
6043,AJ1101280,경영학전공,20131017,2007,미시경제학,2009,"Besanko, David",시그마프레스,338.5 B554m3K이
6047,AJ1104459,금융공학전공,20140605,2010,나는 세계일주로 경제를 배웠다,2011,"Woodman, Conor",웅진씽크빅,338.092 W892aK홍
6049,AJ1101223,e-비즈니스학전공,20130817,2007,나는 세계일주로 경제를 배웠다,2011,"Woodman, Conor",웅진씽크빅,338.092 W892aK홍
6055,AJ1103967,경영학전공,20110427,2010,나는 세계일주로 경제를 배웠다,2011,"Woodman, Conor",웅진씽크빅,338.092 W892aK홍
6056,AJ1105160,경영학전공,20140330,2010,주식투자 무작정 따라하기,2005,윤재수,길벗,332.6322 윤73주
6059,AJ1108192,경영학전공,20150110,2011,주식투자 무작정 따라하기,2005,윤재수,길벗,332.6322 윤73주
6061,AJ1108754,금융공학전공,20130308,2013,주식투자 무작정 따라하기,2005,윤재수,길벗,332.6322 윤73주
6062,AJ1102374,경영학전공,20120501,2008,주식투자 무작정 따라하기,2005,윤재수,길벗,332.6322 윤73주
6065,AJ1105059,경영학전공,20130513,2011,주식투자 무작정 따라하기,2009,윤재수,길벗,332.632 윤73주 v.2
6067,AJ1108760,금융공학전공,20140929,2013,투자론,2010,박정윤,명경사,332.6 투72박
6068,AJ1102517,경영학전공,20130923,2009,투자론,2005,최운열,博英社,332.6 최66투박
6069,AJ1108744,금융공학전공,20140905,2013,투자론,2001,우춘식,삼영사,332.6 우86투2
6070,AJ1104473,금융공학전공,20110929,2010,투자론,2005,김건우,弘文社,332.6 김14투5
6071,AJ1106057,금융공학전공,20141125,2011,투자론,2008,"Bodie, Zvi",한국맥그로힐,332.6 B667i7K이
6072,AJ1104104,경영학전공,20140614,2010,투자론,2008,"Bodie, Zvi",한국맥그로힐,332.6 B667i7K이
6073,AJ1103354,경영학전공,20131028,2009,투자론,2008,"Bodie, Zvi",한국맥그로힐,332.6 B667i7K이
6075,AJ1101564,경영학전공,20120607,2008,투자론,2004,"Bodie, Zvi",석정,332.6 B667i5K이증
6077,AJ1106064,금융공학전공,20141013,2011,기본투자론,2007,"Bodie, Zvi",한국맥그로힐,332.6 B667e6K남
6078,AJ1102503,경영학전공,20140918,2009,기본투자론,2007,"Bodie, Zvi",한국맥그로힐,332.6 B667e6K남
6079,AJ1108760,금융공학전공,20141204,2013,기본투자론,2007,"Bodie, Zvi",한국맥그로힐,332.6 B667e6K남
6080,AJ1103585,경영학전공,20120618,2009,기본투자론,2007,"Bodie, Zvi",한국맥그로힐,332.6 B667e6K남
6082,AJ1104465,금융공학전공,20110915,2010,기본투자론,2007,"Bodie, Zvi",한국맥그로힐,332.6 B667e6K남
6083,AJ1108406,경영학전공,20140919,2013,기본투자론,2004,"Bodie, Zvi",한국맥그로힐,332.6 B667e5K남한
6085,AJ1106064,금융공학전공,20141013,2011,투자론,2004,"Bodie, Zvi",한국맥그로힐,332.6 B667e5K남
6086,AJ1104643,금융공학전공,20140916,2010,투자론,2004,"Bodie, Zvi",한국맥그로힐,332.6 B667e5K남
6087,AJ1101661,경영학전공,20140916,2008,투자론,2004,"Bodie, Zvi",한국맥그로힐,332.6 B667e5K남
6088,AJ1102557,경영학전공,20120612,2009,투자론,2004,"Bodie, Zvi",한국맥그로힐,332.6 B667e5K남
6089,AJ1103585,경영학전공,20120409,2009,투자론,2004,"Bodie, Zvi",한국맥그로힐,332.6 B667e5K남
6090,AJ1102144,경영학전공,20120312,2008,투자론,2004,"Bodie, Zvi",한국맥그로힐,332.6 B667e5K남
6091,AJ1102479,경영학전공,20110926,2009,투자론,2004,"Bodie, Zvi",한국맥그로힐,332.6 B667e5K남
6092,AJ1101030,경영학전공,20110420,2007,투자론,2004,"Bodie, Zvi",한국맥그로힐,332.6 B667e5K남
6095,AJ1108686,금융공학전공,20140318,2013,화폐전쟁,2008,송홍병,랜덤하우스코리아,332.4 송95화K차
6101,AJ1103351,경영학전공,20140205,2009,화폐전쟁,2008,송홍병,랜덤하우스코리아,332.4 송95화K차
6102,AJ1108684,금융공학전공,20140716,2013,화폐전쟁,2008,송홍병,랜덤하우스코리아,332.4 송95화K차
6104,AJ1105298,경영학전공,20141103,2011,화폐전쟁,2008,송홍병,랜덤하우스코리아,332.4 송95화K차
6105,AJ1108760,금융공학전공,20131213,2013,화폐전쟁,2008,송홍병,랜덤하우스코리아,332.4 송95화K차
6111,AJ1107888,금융공학전공,20130304,2012,화폐전쟁,2008,송홍병,랜덤하우스코리아,332.4 송95화K차
6114,AJ1102941,경영학전공,20131230,2009,인생학교,2013,"Armstrong, John",쌤앤파커스,332.4 A736hK정
6118,AJ1105160,경영학전공,20150208,2010,화폐와 금융시장,2007,정운찬,율곡,332.1 정66화3
6123,AJ1102483,경영학전공,20141008,2009,국제금융론,2008,김인준,율곡,332.042 김68국율2
6126,AJ1102516,경영학전공,20120904,2009,국제금융론,2008,김인준,율곡,332.042 김68국율2
6134,AJ1102483,경영학전공,20140324,2009,화폐와 금융시장,2012,정운찬,율곡,332 정66화4
6135,AJ1102100,경영학전공,20140306,2008,화폐와 금융시장,2012,정운찬,율곡,332 정66화4
6144,AJ1108760,금융공학전공,20131104,2013,노동의 종말,2005,"Rifkin, Jeremy",민음사,331.137042 R564eK이개
6145,AJ1100308,경영학전공,20130502,2006,노동의 종말,2005,"Rifkin, Jeremy",민음사,331.137042 R564eK이개
6150,AJ1101689,경영학전공,20130529,2008,노동의 종말,1996,"Rifkin, Jeremy",민음사,331.137042 R564eK이
6152,AJ1102485,경영학전공,20120427,2009,노동의 종말,1996,"Rifkin, Jeremy",민음사,331.137042 R564eK이
6158,AJ1105298,경영학전공,20140719,2011,경제학 콘서트,2006,"Harford, Tim",웅진지식하우스,330.905 H278uK김
6161,AJ1100113,경영학전공,20121018,2005,경제학 콘서트,2006,"Harford, Tim",웅진지식하우스,330.905 H278uK김
6168,AJ1110581,경영학전공,20140602,2014,경제학 콘서트,2008,"Harford, Tim",웅진씽크빅,330.905 H278LK이
6170,AJ1110873,경영학전공,20140317,2014,경제학 콘서트,2008,"Harford, Tim",웅진씽크빅,330.905 H278LK이
6171,AJ1111043,경영학전공,20140310,2012,경제학 콘서트,2008,"Harford, Tim",웅진씽크빅,330.905 H278LK이
6172,AJ1110818,경영학전공,20140428,2014,경제학 콘서트,2008,"Harford, Tim",웅진씽크빅,330.905 H278LK이
6173,AJ1107116,경영학전공,20130418,2012,경제학 콘서트,2008,"Harford, Tim",웅진씽크빅,330.905 H278LK이
6174,AJ1101921,경영학전공,20120509,2008,경제학 콘서트,2008,"Harford, Tim",웅진씽크빅,330.905 H278LK이
6175,AJ1105511,경영학전공,20110816,2010,경제학 콘서트,2008,"Harford, Tim",웅진씽크빅,330.905 H278LK이
6178,AJ1108751,금융공학전공,20130403,2013,거대한 전환,2009,"Polanyi, Karl",길,330.9 P762gK홍
6182,AJ1102483,경영학전공,20141008,2009,厚生經濟學,1999,이만우,태진출판사,330.155 이32후3
6187,AJ1100230,경영학전공,20131017,2005,厚生經濟學,1989,이만우,法文社,330.155 이32후
6190,AJ1105135,e-비즈니스학전공,20140915,2010,(EBS 다큐프라임) 자본주의,2013,이비에스. 자본주의 제작팀,가나,330.122 이48자
6194,AJ1105298,경영학전공,20140821,2011,(EBS 다큐프라임) 자본주의,2013,이비에스. 자본주의 제작팀,가나,330.122 이48자
6195,AJ1109631,경영학전공,20140128,2013,(EBS 다큐프라임) 자본주의,2013,이비에스. 자본주의 제작팀,가나,330.122 이48자
6203,AJ1102218,경영학전공,20150105,2008,그들이 말하지 않는 23가지,2010,"Chang, Ha-Joon",부키,330.122 C456tK김
6216,AJ1107090,경영학전공,20140108,2010,맨큐의 핵심경제학,2013,"Mankiw, N. Gregory",센게이지러닝코리아,330.1 M278e6Krla
6218,AJ1108747,금융공학전공,20130405,2013,세속의 철학자들,2005,"Heilbroner, Robert L",이마고,330.092 H466wK장
6219,AJ1107888,금융공학전공,20121023,2012,세속의 철학자들,2005,"Heilbroner, Robert L",이마고,330.092 H466wK장
6222,AJ1105082,금융공학전공,20111010,2011,세속의 철학자들,2005,"Heilbroner, Robert L",이마고,330.092 H466wK장
6225,AJ1105511,경영학전공,20110726,2010,죽은 경제학자의 살아있는 아이디어,1994,"Buchholz, Todd G",김영사,330.092 B919nK이
6227,AJ1105245,금융공학전공,20110914,2011,죽은 경제학자의 살아있는 아이디어,1994,"Buchholz, Todd G",김영사,330.092 B919nK이
6228,AJ1105251,금융공학전공,20110914,2011,죽은 경제학자의 살아있는 아이디어,1994,"Buchholz, Todd G",김영사,330.092 B919nK이
6229,AJ1105247,금융공학전공,20110926,2011,죽은 경제학자의 살아있는 아이디어,1994,"Buchholz, Todd G",김영사,330.092 B919nK이
6230,AJ1110877,경영학전공,20140514,2014,죽은 경제학자의 살아있는 아이디어,2009,"Buchholz, Todd G",김영사,330.092 B919nK류개
6233,AJ1107888,금융공학전공,20121106,2012,죽은 경제학자의 살아있는 아이디어,2009,"Buchholz, Todd G",김영사,330.092 B919nK류개
6241,AJ1101804,e-비즈니스학전공,20111008,2008,경제학연습,2007,정병열,세경,330.076 정44경4거
6244,AJ1108187,경영학전공,20140110,2011,지금 당장 경제공부 시작하라,2009,최진기,한빛비즈,330.02 최78지
6246,AJ1106064,금융공학전공,20130321,2011,지금 당장 경제공부 시작하라,2009,최진기,한빛비즈,330.02 최78지
6248,AJ1104338,경영학전공,20121002,2010,지금 당장 경제공부 시작하라,2009,최진기,한빛비즈,330.02 최78지
6249,AJ1102557,경영학전공,20120409,2009,지금 당장 경제공부 시작하라,2009,최진기,한빛비즈,330.02 최78지
6252,AJ1105881,e-비즈니스학전공,20130406,2011,88만원세대,2007,우석훈,레디앙 미디어,330.02 우548팔
6256,AJ1100247,경영학전공,20121004,2005,88만원세대,2007,우석훈,레디앙 미디어,330.02 우548팔
6262,AJ1100256,경영학전공,20140905,2005,즐거운 경제학,2008,김철환,글을읽다,330.02 김83즐
6275,AJ1111020,경영학전공,20140401,2012,20대라면 무조건 써먹는 경제상식,2011,김종선,팬덤북스,330.02 김75이
6278,AJ1102591,경영학전공,20141124,2009,이코노믹 씽킹,2007,"Frank, Robert H",웅진지식하우스,330.02 F828eK안
6280,AJ1109634,경영학전공,20130906,2013,이코노믹 씽킹,2007,"Frank, Robert H",웅진지식하우스,330.02 F828eK안
6282,AJ1100247,경영학전공,20120410,2005,이코노믹 씽킹,2007,"Frank, Robert H",웅진지식하우스,330.02 F828eK안
6283,AJ1102554,경영학전공,20141110,2009,넛지,2009,"Thaler, Richard H",웅진씽크빅,330.019 T365nK안
6287,AJ1105634,경영학전공,20130528,2010,넛지,2009,"Thaler, Richard H",웅진씽크빅,330.019 T365nK안
6288,AJ1108550,경영학전공,20130716,2013,넛지,2009,"Thaler, Richard H",웅진씽크빅,330.019 T365nK안
6291,AJ1104882,경영학전공,20110928,2010,넛지,2009,"Thaler, Richard H",웅진씽크빅,330.019 T365nK안
6292,AJ1105519,경영학전공,20111101,2009,넛지,2009,"Thaler, Richard H",웅진씽크빅,330.019 T365nK안
6299,AJ1100014,경영학전공,20130401,2001,계량경제학,2006,"Hill, R. Carter",시그마프레스,330.018 H647u2K이
6309,AJ1104528,경영학전공,20121005,2010,경제수학의 기초,2007,정필권,시그마프레스,330.0151 정898경시
6314,AJ1107824,e-비즈니스학전공,20140616,2012,경제·경영수학의 이해,2006,김태웅,新英社,330.0151 김883경2
6322,AJ1110637,경영학전공,20140803,2014,경영통계학,2008,김성욱,자유아카데미,330.0151 경64김
6323,AJ1110155,e-비즈니스학전공,20140831,2014,경영통계학,2008,김성욱,자유아카데미,330.0151 경64김
6324,AJ1110819,경영학전공,20140407,2014,경영통계학,2008,김성욱,자유아카데미,330.0151 경64김
6327,AJ1110826,경영학전공,20141201,2014,경영통계학,2008,김성욱,자유아카데미,330.0151 경64김
6328,AJ1102507,경영학전공,20121109,2009,경영통계학,2008,김성욱,자유아카데미,330.0151 경64김
6329,AJ1101661,경영학전공,20120906,2008,경영통계학,2008,김성욱,자유아카데미,330.0151 경64김
6331,AJ1104476,금융공학전공,20140218,2010,경제·경영수학 길잡이,2006,"Chiang, Alpha C",한국맥그로힐,330.0151 C532fK정
6337,AJ1105251,금융공학전공,20121008,2011,경제·경영수학 길잡이,2006,"Chiang, Alpha C",한국맥그로힐,330.0151 C532fK정
6338,AJ1101108,경영학전공,20120911,2007,경제·경영수학 길잡이,2006,"Chiang, Alpha C",한국맥그로힐,330.0151 C532fK정
6343,AJ1101273,경영학전공,20140905,2007,계량경제학,2007,박범조,시그마프레스,330.01 박44계
6344,AJ1107085,경영학전공,20121212,2010,경제학원론,1999,김성태,형설,330.01 김54경
6351,AJ1102517,경영학전공,20120329,2009,경제학원론,2005,"Lieberman, Marc",생능,330.01 L716i2K김
6352,AJ1100247,경영학전공,20120306,2005,경제학 원론,2008,최상훈,인간사랑,330 최52경인
6353,AJ1105245,금융공학전공,20111104,2011,경제학 원론,2008,최상훈,인간사랑,330 최52경인
6356,AJ1107116,경영학전공,20130617,2012,경제학 원론,2006,이준구,法文社,330 이76경신3
6360,AJ1107088,경영학전공,20140529,2010,경제학원론,2010,이준구,法文社,330 이76경4
6367,AJ1100793,경영학전공,20130305,2007,경제학원론,2010,이준구,法文社,330 이76경4
6373,AJ1105415,경영학전공,20120614,2010,경제학원론,2008,박유영,三英社,330 박66경4
6376,AJ1106064,금융공학전공,20141127,2011,(현대) 경제학원론,2007,김대식,博英社,330 김23경5
6378,AJ1108188,경영학전공,20141105,2011,(현대) 경제학원론,2007,김대식,博英社,330 김23경5
6381,AJ1108188,경영학전공,20141202,2011,경제학원론,2011,조순,율곡,330 경74조9
6382,AJ1103358,경영학전공,20140327,2009,경제학원론,2011,조순,율곡,330 경74조9
6385,AJ1103967,경영학전공,20141203,2010,맨큐의 경제학,2013,"Mankiw, N. Gregory",센게이지러닝코리아,330 M278p6K김연
6386,AJ1100793,경영학전공,20131203,2007,맨큐의 경제학,2013,"Mankiw, N. Gregory",센게이지러닝코리아,330 M278p6K김연
6388,AJ1105426,경영학전공,20141001,2010,맨큐의 경제학,2013,"Mankiw, N. Gregory",센게이지러닝코리아,330 M278p6K김
6389,AJ1101960,경영학전공,20141001,2008,맨큐의 경제학,2013,"Mankiw, N. Gregory",센게이지러닝코리아,330 M278p6K김
6393,AJ1101273,경영학전공,20141023,2007,맨큐의 경제학,2013,"Mankiw, N. Gregory",센게이지러닝코리아,330 M278p6K김
6394,AJ1107090,경영학전공,20140108,2010,맨큐의 경제학,2013,"Mankiw, N. Gregory",센게이지러닝코리아,330 M278p6K김
6396,AJ1104643,금융공학전공,20130621,2010,맨큐의 경제학,2013,"Mankiw, N. Gregory",센게이지러닝코리아,330 M278p6K김
6402,AJ1106528,경영학전공,20150122,2011,맨큐의 경제학 5판 연습문제풀이,2009,"Mankiw, N. Gregory",교보문고,330 M278p5K김연
6403,AJ1105426,경영학전공,20141212,2010,맨큐의 경제학 5판 연습문제풀이,2009,"Mankiw, N. Gregory",교보문고,330 M278p5K김연
6404,AJ1103967,경영학전공,20141014,2010,맨큐의 경제학 5판 연습문제풀이,2009,"Mankiw, N. Gregory",교보문고,330 M278p5K김연
6406,AJ1110819,경영학전공,20140518,2014,맨큐의 경제학 5판 연습문제풀이,2009,"Mankiw, N. Gregory",교보문고,330 M278p5K김연
6410,AJ1108762,금융공학전공,20131016,2013,맨큐의 경제학 5판 연습문제풀이,2009,"Mankiw, N. Gregory",교보문고,330 M278p5K김연
6412,AJ1101843,경영학전공,20140618,2008,맨큐의 경제학,2009,"Mankiw, N. Gregory",교보문고,330 M278p5K김
6423,AJ1109663,경영학전공,20140619,2011,맨큐의 경제학 4판 연습문제풀이,2007,"Mankiw, N. Gregory",교보문고,330 M278p4K김연
6426,AJ1110583,경영학전공,20140415,2014,맨큐의 경제학 4판 연습문제풀이,2007,"Mankiw, N. Gregory",교보문고,330 M278p4K김연
6439,AJ1109663,경영학전공,20140619,2011,맨큐의 경제학,2007,"Mankiw, N. Gregory",교보문고,330 M278p4K김
6440,AJ1102591,경영학전공,20150118,2009,맨큐의 경제학,2007,"Mankiw, N. Gregory",교보문고,330 M278p4K김
6444,AJ1108340,경영학전공,20140616,2013,맨큐의 경제학,2007,"Mankiw, N. Gregory",교보문고,330 M278p4K김
6445,AJ1103354,경영학전공,20131211,2009,맨큐의 경제학,2007,"Mankiw, N. Gregory",교보문고,330 M278p4K김
6446,AJ1109653,경영학전공,20131208,2011,맨큐의 경제학,2007,"Mankiw, N. Gregory",교보문고,330 M278p4K김
6449,AJ1108187,경영학전공,20130612,2011,맨큐의 경제학,2007,"Mankiw, N. Gregory",교보문고,330 M278p4K김
6452,AJ1102569,경영학전공,20130306,2009,맨큐의 경제학,2007,"Mankiw, N. Gregory",교보문고,330 M278p4K김
6455,AJ1100942,경영학전공,20110302,2007,맨큐의 경제학,2007,"Mankiw, N. Gregory",교보문고,330 M278p4K김
6456,AJ1101108,경영학전공,20110304,2007,Principles of economics,2007,"Mankiw, N. Gregory",Thomson South-Western,330 M278p4
6457,AJ1102601,경영학전공,20110304,2009,Principles of economics,2007,"Mankiw, N. Gregory",Thomson South-Western,330 M278p4
6458,AJ1104434,경영학전공,20110608,2010,Principles of economics,2004,"Mankiw, N. Gregory",Thomson,330 M278p3
6463,AJ1110160,e-비즈니스학전공,20140417,2014,맨큐의 핵심경제학,2007,"Mankiw, N. Gregory",교보문고,330 M278e4K김
6464,AJ1102560,경영학전공,20121002,2009,맨큐의 핵심경제학,2007,"Mankiw, N. Gregory",교보문고,330 M278e4K김
6465,AJ1101273,경영학전공,20120328,2007,맨큐의 핵심경제학,2007,"Mankiw, N. Gregory",교보문고,330 M278e4K김
6466,AJ1101106,경영학전공,20110609,2007,맨큐의 핵심경제학,2007,"Mankiw, N. Gregory",교보문고,330 M278e4K김
6468,AJ1110159,e-비즈니스학전공,20140415,2014,맨큐의 핵심경제학,2001,"Mankiw, Gregory N",교보문고,330 M278e3K김
6472,AJ1102591,경영학전공,20140927,2009,슈퍼 괴짜경제학,2009,"Levitt, Steven D",웅진씽크빅,330 L666sK안
6482,AJ1110110,경영학전공,20141208,2014,괴짜경제학,2005,"Levitt, Steven D",웅진지식하우스,330 L666fK안
6484,AJ1108187,경영학전공,20131029,2011,괴짜경제학,2005,"Levitt, Steven D",웅진지식하우스,330 L666fK안
6485,AJ1107116,경영학전공,20130418,2012,괴짜경제학,2005,"Levitt, Steven D",웅진지식하우스,330 L666fK안
6491,AJ1104882,경영학전공,20110913,2010,괴짜경제학,2005,"Levitt, Steven D",웅진지식하우스,330 L666fK안
6492,AJ1100247,경영학전공,20120312,2005,괴짜경제학,2005,"Levitt, Steven D",웅진지식하우스,330 L666fK안
6495,AJ1105419,경영학전공,20141205,2010,경제학원론,2012,"Arnold, Roger A",박영사,330 A757p10K이
6497,AJ1108747,금융공학전공,20130513,2013,경제학원론,2012,"Arnold, Roger A",박영사,330 A757p10K이
6498,AJ1108684,금융공학전공,20130621,2013,경제학원론,2012,"Arnold, Roger A",박영사,330 A757p10K이
6499,AJ1103807,경영학전공,20130415,2009,경제학원론,2012,"Arnold, Roger A",박영사,330 A757p10K이
6500,AJ1102491,경영학전공,20121121,2009,경제학원론,2012,"Arnold, Roger A",박영사,330 A757p10K이
6518,AJ1101652,경영학전공,20120612,2008,세계정치론,2006,"Baylis, John",을유문화사,327.01 B358g3K하
6519,AJ1101662,경영학전공,20120414,2008,세계정치론,2006,"Baylis, John",을유문화사,327.01 B358g3K하
6529,AJ1105460,경영학전공,20140714,2010,유토피아,2006,"More, Thomas",돋을새김,321.07 M836uK권
6532,AJ1105190,e-비즈니스학전공,20140817,2010,닥치고 정치,2011,김어준,푸른숲,320.9519 김64닥
6534,AJ1101040,경영학전공,20121019,2007,닥치고 정치,2011,김어준,푸른숲,320.9519 김64닥
6541,AJ1101659,경영학전공,20111221,2008,닥치고 정치,2011,김어준,푸른숲,320.9519 김64닥
6549,AJ1105441,경영학전공,20110926,2010,군주론,1992,"Machiavelli, Niccolo",여명출판사,320.1 M149PK송
6553,AJ1106378,경영학전공,20110808,2011,군주론,2007,"Machiavelli, Niccolo",동서문화사,320.1 M149dk황
6555,AJ1110877,경영학전공,20140714,2014,통치론,2007,"Locke, John",까치글방,320.1 L814tK강
6557,AJ1105098,경영학전공,20141104,2010,통치론,2007,"Locke, John",까치글방,320.1 L814tK강
6562,AJ1105441,경영학전공,20111012,2010,통치론,2007,"Locke, John",까치글방,320.1 L814tK강
6563,AJ1100302,경영학전공,20131207,2006,군주론,2008,"Machiavelli, Niccolo",까치글방,320 M149pK강3
6570,AJ1102045,e-비즈니스학전공,20130304,2008,군주론,2008,"Machiavelli, Niccolo",까치글방,320 M149pK강3
6586,AJ1108613,경영학전공,20130520,2013,Is It a Choice?,2006,"Marcus, Eric",박영률,306.766 M322i2K컴개
6592,AJ1102487,경영학전공,20130826,2009,인생학교,2013,"De Botton, Alain",쌤앤파커스,306.7 D278dK정
6601,AJ1105245,금융공학전공,20130402,2011,프로테스탄트 윤리와 자본주의 정신,2006,"Weber, Max",풀빛,306.6 W375pK김
6603,AJ1105022,금융공학전공,20110328,2011,프로테스탄트 윤리와 자본주의 정신,2006,"Weber, Max",풀빛,306.6 W375pK김
6604,AJ1106066,금융공학전공,20110328,2011,프로테스탄트 윤리와 자본주의 정신,2006,"Weber, Max",풀빛,306.6 W375pK김
6610,AJ1108744,금융공학전공,20130405,2013,프로테스탄티즘의 윤리와 자본주의 정신,2010,"Weber, Max",길,306.6 W375gK김
6616,AJ1102560,경영학전공,20130429,2009,노는 만큼 성공한다,2011,김정운,북이십일 21세기북스,306.48 김74노북
6620,AJ1107056,경영학전공,20120404,2012,노는 만큼 성공한다,2011,김정운,북이십일 21세기북스,306.48 김74노북
6621,AJ1107159,경영학전공,20120315,2010,노는 만큼 성공한다,2011,김정운,북이십일 21세기북스,306.48 김74노북
6633,AJ1104476,금융공학전공,20131122,2010,(데이터는 알고 있다) 빅 데이터가 만드는 세상,2013,"Mayer-Schonberger, Viktor",북이십일 21세기북스,306.46 M468bK이
6638,AJ1101544,경영학전공,20130624,2008,(데이터는 알고 있다) 빅 데이터가 만드는 세상,2013,"Mayer-Schonberger, Viktor",북이십일 21세기북스,306.46 M468bK이
6640,AJ1102297,e-비즈니스학전공,20130925,2008,(데이터는 알고 있다) 빅 데이터가 만드는 세상,2013,"Mayer-Schonberger, Viktor",북이십일 21세기북스,306.46 M468bK이
6642,AJ1108550,경영학전공,20131121,2013,(정재승 + 진중권) 크로스,2009,정재승,웅진씽크빅,306.4 정73크v.1
6643,AJ1102479,경영학전공,20130506,2009,(정재승 + 진중권) 크로스,2009,정재승,웅진씽크빅,306.4 정73크v.1
6652,AJ1110877,경영학전공,20140303,2014,지식 e,2007,EBS 지식채널e,북하우스,306 E16지
6668,AJ1104434,경영학전공,20110428,2010,지식 e,2007,EBS 지식채널e,북하우스,306 E16지
6674,AJ1109961,금융공학전공,20140427,2014,불안,2012,"De Botton, Alain",은행나무,305.51 D278sK정은
6677,AJ1102487,경영학전공,20130826,2009,불안,2012,"De Botton, Alain",은행나무,305.51 D278sK정은
6678,AJ1101730,경영학전공,20130402,2008,불안,2012,"De Botton, Alain",은행나무,305.51 D278sK정은
6680,AJ1102218,경영학전공,20140621,2008,불안,2007,"De Botton, Alain",이레,305.51 D278sK정
6681,AJ1106974,경영학전공,20140901,2012,불안,2007,"De Botton, Alain",이레,305.51 D278sK정
6698,AJ1108550,경영학전공,20130902,2013,내가 알고 있는걸 당신도 알게 된다면,2012,"Pillemer, Karl A",토네이도미디어그룹,305.260973 P641tK박
6700,AJ1101549,e-비즈니스학전공,20130327,2008,내가 알고 있는걸 당신도 알게 된다면,2012,"Pillemer, Karl A",토네이도미디어그룹,305.260973 P641tK박
6709,AJ1102178,경영학전공,20130724,2008,양육쇼크,2009,"Bronson, Po",물푸레,305.231 B869nK이
6743,AJ1107090,경영학전공,20140612,2010,총 균 쇠,2006,"Diamond, Jared M",문학사상사,303.4 D537gK김2
6744,AJ1102551,경영학전공,20131112,2009,총 균 쇠,2006,"Diamond, Jared M",문학사상사,303.4 D537gK김2
6747,AJ1101706,경영학전공,20130924,2008,총 균 쇠,2006,"Diamond, Jared M",문학사상사,303.4 D537gK김2
6766,AJ1102218,경영학전공,20140621,2008,어떻게 원하는 것을 얻는가,2011,"Diamond, Stuart",8,302.3 D537gK김
6770,AJ1101662,경영학전공,20141113,2008,어떻게 원하는 것을 얻는가,2011,"Diamond, Stuart",8,302.3 D537gK김
6771,AJ1105098,경영학전공,20140715,2010,어떻게 원하는 것을 얻는가,2011,"Diamond, Stuart",8,302.3 D537gK김
6772,AJ1102551,경영학전공,20141110,2009,어떻게 원하는 것을 얻는가,2011,"Diamond, Stuart",8,302.3 D537gK김
6785,AJ1100018,경영학전공,20120322,2002,위키리크스,2011,"Rosenbach, Marcel",북이십일 21세기북스,302.231 R813sK박
6787,AJ1106440,경영학전공,20110429,2011,위키리크스,2011,"Domscheit-Berg, Daniel",한국물가정보,302.231 D673iK배
6788,AJ1104453,경영학전공,20141201,2010,미디어의 이해,2002,"McLuhan, Marshall",민음사,302.23 M478uK김
6807,AJ1100999,경영학전공,20141231,2007,눈치 보는 나 착각하는 너,2013,박진영,시공사,302 박78눈
6810,AJ1108194,경영학전공,20130708,2011,눈치 보는 나 착각하는 너,2013,박진영,시공사,302 박78눈
6811,AJ1108550,경영학전공,20130813,2013,눈치 보는 나 착각하는 너,2013,박진영,시공사,302 박78눈
6814,AJ1102551,경영학전공,20141110,2009,피로사회,2012,"Han, Byung-Chul",문학과지성사,301.01 H233mK김
6816,AJ1100862,경영학전공,20140921,2007,피로사회,2012,"Han, Byung-Chul",문학과지성사,301.01 H233mK김
6819,AJ1100106,e-비즈니스학전공,20121015,2004,피로사회,2012,"Han, Byung-Chul",문학과지성사,301.01 H233mK김
6827,AJ1104388,금융공학전공,20140401,2010,(이윤기의) 그리스 로마 신화,2000,이윤기,웅진닷컴,292.13 이66그
6828,AJ1102487,경영학전공,20130530,2009,(이윤기의) 그리스 로마 신화,2000,이윤기,웅진닷컴,292.13 이66그
6829,AJ1105776,경영학전공,20131014,2011,(이윤기의) 그리스 로마 신화,2000,이윤기,웅진닷컴,292.13 이66그
6832,AJ1102045,e-비즈니스학전공,20130305,2008,(이윤기의) 그리스 로마 신화,2000,이윤기,웅진닷컴,292.13 이66그
6834,AJ1104528,경영학전공,20120926,2010,(이윤기의) 그리스 로마 신화,2000,이윤기,웅진닷컴,292.13 이66그
6835,AJ1100442,경영학전공,20120531,2006,(이윤기의) 그리스 로마 신화,2000,이윤기,웅진닷컴,292.13 이66그
6842,AJ1104280,e-비즈니스학전공,20141001,2010,Science and religion,2002,"Ferngren, Gary B",Johns Hopkins University Press,291.1754 F364s
6844,AJ1106528,경영학전공,20140923,2011,Science and religion,2002,"Ferngren, Gary B",Johns Hopkins University Press,291.1754 F364s
6857,AJ1104882,경영학전공,20111103,2010,Science and religion,2002,"Ferngren, Gary B",Johns Hopkins University Press,291.1754 F364s
6862,AJ1110167,금융공학전공,20150113,2014,만들어진 신,2007,"Dawkins, Richard",김영사,211.8 D271gK이
6868,AJ1100453,e-비즈니스학전공,20111128,2006,만들어진 신,2007,"Dawkins, Richard",김영사,211.8 D271gK이
6874,AJ1104643,금융공학전공,20130605,2010,철학 도시를 디자인하다,2008,정재영,풀빛,190 정73철
6879,AJ1103017,e-비즈니스학전공,20120829,2009,명상록,1982,아우렐리우스,大一書館,188 아66명K안
6883,AJ1101108,경영학전공,20141117,2007,명상록,2010,"Aurelius Antoninus, Marcus",인디북,188 A927mK유
6886,AJ1103015,e-비즈니스학전공,20130908,2009,명상록,2010,"Aurelius Antoninus, Marcus",인디북,188 A927mK유
6907,AJ1108037,경영학전공,20130425,2012,(플라톤의) 국가(正體),2008,Platon,서광사,184 P718pK박개증
6909,AJ1108409,경영학전공,20130312,2013,(플라톤의) 국가(正體),2008,Platon,서광사,184 P718pK박개증
6912,AJ1105137,e-비즈니스학전공,20141030,2010,논어,2005,궁기시정,이산,181.2183 궁18논K박
6914,AJ1106111,경영학전공,20120910,2011,논어,2005,궁기시정,이산,181.2183 궁18논K박
6916,AJ1110628,경영학전공,20141027,2014,논어,2006,공자,성균관대학교 출판부,181.2183 공72논어 v.1
6920,AJ1101914,경영학전공,20110428,2008,논어,2006,공자,성균관대학교 출판부,181.2183 공72논어 v.1
6924,AJ1105247,금융공학전공,20130827,2011,논어,2012,공자,안티쿠스,181.2183 공72논K한
6928,AJ1101032,경영학전공,20141022,2007,논어,2005,공자,지식산업사,181.2183 공72논K동개
6932,AJ1101108,경영학전공,20140408,2007,논어,2010,공자,신원문화사,181.2183 공72논K김신
6940,AJ1100027,e-비즈니스학전공,20130312,2002,역사 속의 성리학,2010,"Bol, Peter Kees",예문서원,181.2 B687nK김
6941,AJ1105938,e-비즈니스학전공,20120616,2011,역사 속의 성리학,2010,"Bol, Peter Kees",예문서원,181.2 B687nK김
6943,AJ1102689,경영학전공,20120906,2009,역사 속의 성리학,2010,"Bol, Peter Kees",예문서원,181.2 B687nK김
6963,AJ1105709,경영학전공,20141025,2011,멈추면 비로소 보이는 것들,2012,혜민,쌤앤파커스,179.7 혜38멈
6976,AJ1106386,경영학전공,20121005,2011,멈추면 비로소 보이는 것들,2012,혜민,쌤앤파커스,179.7 혜38멈
6977,AJ1105881,e-비즈니스학전공,20121010,2011,멈추면 비로소 보이는 것들,2012,혜민,쌤앤파커스,179.7 혜38멈
6981,AJ1103354,경영학전공,20150227,2009,돈으로 살 수 없는 것들,2012,"Sandel, Michael J",미래엔,174 S214wK안
6983,AJ1109902,e-비즈니스학전공,20140407,2014,돈으로 살 수 없는 것들,2012,"Sandel, Michael J",미래엔,174 S214wK안
6988,AJ1105881,e-비즈니스학전공,20140512,2011,돈으로 살 수 없는 것들,2012,"Sandel, Michael J",미래엔,174 S214wK안
6991,AJ1101914,경영학전공,20131113,2008,돈으로 살 수 없는 것들,2012,"Sandel, Michael J",미래엔,174 S214wK안
6998,AJ1104338,경영학전공,20130304,2010,돈으로 살 수 없는 것들,2012,"Sandel, Michael J",미래엔,174 S214wK안
7000,AJ1106063,금융공학전공,20140319,2011,Justice,2011,"Sandel, Michael J",김영사,172.2 S214jK이김
7002,AJ1108191,경영학전공,20131122,2011,Justice,2011,"Sandel, Michael J",김영사,172.2 S214jK이김
7008,AJ1104095,경영학전공,20140428,2010,정의란 무엇인가,2010,"Sandel, Michael J",김영사,172.2 S214jK이
7018,AJ1108534,경영학전공,20130718,2013,정의란 무엇인가,2010,"Sandel, Michael J",김영사,172.2 S214jK이
7031,AJ1110877,경영학전공,20150223,2014,공리주의,2007,"Mill, John Stuart",책세상,171.5 M645uK서
7038,AJ1109942,e-비즈니스학전공,20140905,2014,니코마코스 윤리학,2006,Aristotles,이제이북스,171 A717eK이
7041,AJ1105441,경영학전공,20111012,2010,니코마코스 윤리학,2006,Aristotles,이제이북스,171 A717eK이
7058,AJ1101032,경영학전공,20140527,2007,리더를 위한 논리훈련,2010,송하석,사피엔스21,160 송92리2
7064,AJ1101030,경영학전공,20140326,2007,리더를 위한 논리훈련,2010,송하석,사피엔스21,160 송92리2
7065,AJ1108760,금융공학전공,20140513,2013,리더를 위한 논리훈련,2010,송하석,사피엔스21,160 송92리2
7068,AJ1108192,경영학전공,20130701,2011,리더를 위한 논리훈련,2010,송하석,사피엔스21,160 송92리2
7069,AJ1104233,경영학전공,20130903,2010,리더를 위한 논리훈련,2010,송하석,사피엔스21,160 송92리2
7070,AJ1102833,경영학전공,20130416,2009,리더를 위한 논리훈련,2010,송하석,사피엔스21,160 송92리2
7072,AJ1103328,e-비즈니스학전공,20120703,2009,리더를 위한 논리훈련,2010,송하석,사피엔스21,160 송92리2
7073,AJ1101271,경영학전공,20141013,2007,리더를 위한 논리 훈련,2007,송하석,사피엔스21,160 송92리
7075,AJ1108760,금융공학전공,20140415,2013,리더를 위한 논리 훈련,2007,송하석,사피엔스21,160 송92리
7080,AJ1102045,e-비즈니스학전공,20130506,2008,리더를 위한 논리 훈련,2007,송하석,사피엔스21,160 송92리
7086,AJ1104528,경영학전공,20120926,2010,산업 및 조직 심리학,2003,"Muchinsky, Paul M",시그마프레스,158.7 M942p7K유
7089,AJ1108423,경영학전공,20140812,2013,너 외롭구나,2011,김형태,위즈덤하우스,158.3 김94너개
7093,AJ1101659,경영학전공,20120304,2008,너 외롭구나,2011,김형태,위즈덤하우스,158.3 김94너개
7094,AJ1101305,경영학전공,20140613,2007,(강신주의) 다상담,2013,강신주,동녘,158.3 강58다
7098,AJ1103017,e-비즈니스학전공,20140710,2009,(강신주의) 다상담,2013,강신주,동녘,158.3 강58다
7099,AJ1106055,e-비즈니스학전공,20141201,2011,(강신주의) 다상담,2013,강신주,동녘,158.3 강58다
7108,AJ1108550,경영학전공,20130726,2013,나는 까칠하게 살기로 했다,2012,양창순,센추리원,158.2 양82나
7121,AJ1100999,경영학전공,20141231,2007,몰입,2007,황농문,랜덤하우스코리아,158.1 황195몰
7124,AJ1108618,e-비즈니스학전공,20131112,2013,몰입,2007,황농문,랜덤하우스코리아,158.1 황195몰
7127,AJ1102551,경영학전공,20120807,2009,몰입,2007,황농문,랜덤하우스코리아,158.1 황195몰
7128,AJ1110826,경영학전공,20140325,2014,(나를 바꾸는 심리학의 지혜) 프레임,2007,최인철,북이십일,158.1 최68프
7129,AJ1110683,경영학전공,20140317,2014,(나를 바꾸는 심리학의 지혜) 프레임,2007,최인철,북이십일,158.1 최68프
7130,AJ1111043,경영학전공,20140423,2012,(나를 바꾸는 심리학의 지혜) 프레임,2007,최인철,북이십일,158.1 최68프
7132,AJ1100999,경영학전공,20141231,2007,(나를 바꾸는 심리학의 지혜) 프레임,2007,최인철,북이십일,158.1 최68프
7133,AJ1106139,경영학전공,20140324,2011,(나를 바꾸는 심리학의 지혜) 프레임,2007,최인철,북이십일,158.1 최68프
7134,AJ1110149,경영학전공,20140512,2014,(나를 바꾸는 심리학의 지혜) 프레임,2007,최인철,북이십일,158.1 최68프
7135,AJ1110178,경영학전공,20140512,2014,(나를 바꾸는 심리학의 지혜) 프레임,2007,최인철,북이십일,158.1 최68프
7137,AJ1101911,경영학전공,20121223,2008,(나를 바꾸는 심리학의 지혜) 프레임,2007,최인철,북이십일,158.1 최68프
7147,AJ1106055,e-비즈니스학전공,20110601,2011,20대 자기계발에 미쳐라,2008,이지성,맑은소리,158.1 이78이개
7150,AJ1104095,경영학전공,20140928,2010,꿈꾸는 다락방,2007,이지성,국일미디어,158.1 이78꿈
7170,AJ1105426,경영학전공,20140919,2010,(현대생활의) 적응과 정신건강,2004,이민규,교육과학사,158.1 이38적2
7173,AJ1100302,경영학전공,20130609,2006,(현대생활의) 적응과 정신건강,2004,이민규,교육과학사,158.1 이38적2
7182,AJ1101305,경영학전공,20110330,2007,(현대생활의) 적응과 정신건강,2001,이민규,교육과학사,158.1 이38적
7184,AJ1101305,경영학전공,20140326,2007,(나를 사랑하게 하는) 자존감,2009,이무석,비전과리더십,158.1 이36자
7187,AJ1105298,경영학전공,20131014,2011,(나를 사랑하게 하는) 자존감,2009,이무석,비전과리더십,158.1 이36자
7188,AJ1102554,경영학전공,20140916,2009,버킷리스트,2011,강창균,한국경제신문 한경BP,158.1 강82버
7189,AJ1108037,경영학전공,20131120,2012,버킷리스트,2011,강창균,한국경제신문 한경BP,158.1 강82버
7190,AJ1108548,경영학전공,20131231,2013,버킷리스트,2011,강창균,한국경제신문 한경BP,158.1 강82버
7194,AJ1102551,경영학전공,20120725,2009,버킷리스트,2011,강창균,한국경제신문 한경BP,158.1 강82버
7195,AJ1102415,경영학전공,20110718,2008,버킷리스트,2011,강창균,한국경제신문 한경BP,158.1 강82버
7206,AJ1102507,경영학전공,20121217,2009,습관의 힘,2012,"Duhigg, Charles",웅진씽크빅,158.1 D871pK강
7216,AJ1105881,e-비즈니스학전공,20130406,2011,카네기 인간관계론,2007,"Carnegie, Dale",씨앗을뿌리는사람,158.1 C289hK최
7227,AJ1105059,경영학전공,20130304,2011,지금 외롭다면 잘 되고 있는 것이다,2011,한상복,위즈덤하우스,158 한52지
7232,AJ1107556,경영학전공,20141119,2012,화성에서 온 남자 금성에서 온 여자,1997,"Gray, John",친구미디어,156 G778mK김개
7249,AJ1102215,경영학전공,20121107,2008,화성에서 온 남자 금성에서 온 여자,1994,"Gray, John",친구,156 G778mK김
7261,AJ1102560,경영학전공,20130305,2009,남자의 물건,2012,김정운,북이십일 21세기북스,155.632 김74남
7263,AJ1105558,경영학전공,20120529,2010,남자의 물건,2012,김정운,북이십일 21세기북스,155.632 김74남
7279,AJ1104095,경영학전공,20140313,2010,콰이어트,2012,"Cain, Susan",알에이치코리아,155.232 C135qK김
7291,AJ1103351,경영학전공,20140516,2009,생각의 탄생,2007,"Root-Bernstein, Robert",에코의서재,153.9 R783sK박
7292,AJ1110877,경영학전공,20141013,2014,생각의 탄생,2007,"Root-Bernstein, Robert",에코의서재,153.9 R783sK박
7295,AJ1102601,경영학전공,20110814,2009,생각의 탄생,2007,"Root-Bernstein, Robert",에코의서재,153.9 R783sK박
7296,AJ1106443,경영학전공,20110526,2011,생각의 탄생,2007,"Root-Bernstein, Robert",에코의서재,153.9 R783sK박
7300,AJ1100609,경영학전공,20130806,2006,설득 심리학,2012,재등용,스카이,153.852 재27설K안
7301,AJ1108675,e-비즈니스학전공,20130619,2013,설득 심리학,2012,재등용,스카이,153.852 재27설K안
7305,AJ1100256,경영학전공,20140905,2005,설득의 심리학,1996,"Cialdini, R. B",21세기북스,153.852 C436iK이
7325,AJ1104456,경영학전공,20130628,2010,설득의 심리학,2005,"Cialdini, R. B",21세기북스,153.852 C436i4K이
7330,AJ1105881,e-비즈니스학전공,20130304,2011,설득의 심리학,2005,"Cialdini, R. B",21세기북스,153.852 C436i4K이
7337,AJ1104341,경영학전공,20141113,2010,FBI 행동의 심리학,2010,"Navarro, Joe",웅진씽크빅,153.69 N322wK박
7344,AJ1104456,경영학전공,20110908,2010,FBI 행동의 심리학,2010,"Navarro, Joe",웅진씽크빅,153.69 N322wK박
7372,AJ1105989,경영학전공,20130103,2011,생각 버리기 연습,2010,소지룡지개,북이십일 21세기북스,153.2 소78고K유 v.1
7375,AJ1100444,경영학전공,20120312,2006,생각 버리기 연습,2010,소지룡지개,북이십일 21세기북스,153.2 소78고K유 v.1
7376,AJ1102144,경영학전공,20120219,2008,생각 버리기 연습,2010,소지룡지개,북이십일 21세기북스,153.2 소78고K유 v.1
7381,AJ1105634,경영학전공,20131104,2010,인지심리학,2005,"Sternberg, Robert J",박학사,153 S839c3K김
7393,AJ1110826,경영학전공,20141124,2014,(사랑과 연애의 달인) 호모 에로스,2008,고미숙,그린비,152.41 고38호
7398,AJ1102351,경영학전공,20140508,2008,사랑의 기술,2000,"Fromm, Erich",문예,152.4 F932aK황4
7402,AJ1102547,경영학전공,20110920,2009,사랑의 기술,1993,"Fromm, Erich",청목,152.4 F932aK설중
7406,AJ1108684,금융공학전공,20140625,2013,사랑의 기술,1989,"Fromm, Erich",瑞音出版社,152.4 F932AK김
7411,AJ1104979,경영학전공,20131126,2011,감각과 지각,2004,"Goldstein, E. Bruce",시그마프레스,152.1 G624s4K정
7420,AJ1105989,경영학전공,20120614,2011,스키너의 심리상자 열기,2005,"Slater, Lauren",에코의서재,150.72 S631oK조
7441,AJ1109900,e-비즈니스학전공,20140326,2014,(마이어스의) 심리학개론,2008,"Myers, David G",시그마프레스,150 M996p8K신시
7446,AJ1102100,경영학전공,20140304,2008,(마이어스의) 심리학개론,2008,"Myers, David G",시그마프레스,150 M996p8K신시
7449,AJ1102518,경영학전공,20130408,2009,(마이어스의) 심리학개론,2008,"Myers, David G",시그마프레스,150 M996p8K신시
7462,AJ1100862,경영학전공,20141019,2007,죽음이란 무엇인가,2012,"Kagan, Shelly",웅진씽크빅,128.5 K11dK박
7464,AJ1107315,경영학전공,20130917,2012,죽음이란 무엇인가,2012,"Kagan, Shelly",웅진씽크빅,128.5 K11dK박
7467,AJ1106527,경영학전공,20140311,2011,철학 콘서트,2009,황광우,웅진씽크빅,109.2 황15철v.2
7468,AJ1105776,경영학전공,20120803,2011,철학 콘서트,2009,황광우,웅진씽크빅,109.2 황15철v.2
7469,AJ1105781,경영학전공,20140317,2011,철학 콘서트,2006,황광우,웅진지식하우스,109.2 황15철v.1
7476,AJ1103017,e-비즈니스학전공,20140717,2009,철학이 필요한 시간,2011,강신주,사계절,102 강58철강
7481,AJ1105441,경영학전공,20111024,2010,논어,2003,공자,책세상,080 책548고v.29
7483,AJ1110877,경영학전공,20150223,2014,공산당선언,2002,"Marx, Karl",책세상,080 책548고v.21
7506,AJ1104528,경영학전공,20141229,2010,책은 도끼다,2011,박웅현,북하우스,028.1 박66책
7508,AJ1106527,경영학전공,20140704,2011,책은 도끼다,2011,박웅현,북하우스,028.1 박66책
7509,AJ1108192,경영학전공,20130816,2011,책은 도끼다,2011,박웅현,북하우스,028.1 박66책
7548,AJ1104545,e-비즈니스학전공,20131113,2010,빅데이터의 충격,2013,성전진금,한빛미디어,005.74 성74빅K김
7790,AJ1105160,경영학전공,20140811,2010,(누구나 쉽게 즐기는) C언어 콘서트,2010,천인국,생능,005.133 천68c생
7813,AJ1101397,e-비즈니스학전공,20120829,2007,윤성우의 열혈 C＋＋ 프로그래밍,2010,윤성우,오렌지미디어,005.133 윤54윤개
7827,AJ1103921,e-비즈니스학전공,20130906,2010,(윤성우의) 열혈 C 프로그래밍,2010,윤성우,오렌지미디어,005.133 윤54열개
7851,AJ1107090,경영학전공,20140702,2010,(熱血講義) C 프로그래밍,2007,윤성우,프리렉,005.133 윤54c프
7861,AJ1105776,경영학전공,20120615,2011,(熱血講義) C 프로그래밍,2007,윤성우,프리렉,005.133 윤54c프
7902,AJ1103019,e-비즈니스학전공,20150204,2009,Java의 정석,2009,남궁성,도우,005.133 남16j2
8015,AJ1105416,경영학전공,20140515,2010,(프로그래밍 대회에서 배우는) 알고리즘 문제 해결 전략,2012,구종만,인사이트,005.1 구75알
8062,AJ1102522,경영학전공,20120924,2009,Data and computer communications,2007,"Stallings, William",Pearson/Prentice Hall,004.6 S782d8
8065,AJ1108185,경영학전공,20130424,2011,데이터통신 및 컴퓨터통신,2004,"Stallings, William",사이텍미디어,004.6 S782d7K김
8146,AJ1103024,e-비즈니스학전공,20120314,2009,IT 천재들,2011,이재구,미래의창,004.092 이73i
8169,AJ1104455,경영학전공,20140723,2010,(2013 시나공) 컴퓨터활용능력,2012,길벗R&D,길벗,004.076 길44컴길벗
8171,AJ1101398,e-비즈니스학전공,20140106,2007,(2013 시나공) 컴퓨터활용능력,2012,길벗R&D,길벗,004.076 길44컴길벗
8201,AJ1108187,경영학전공,20140128,2011,Arena를 이용한 시뮬레이션 3E,2005,"Kelton, W. David",교보문고,003.35369 K29s3K문
8203,AJ1105845,경영학전공,20130913,2011,Arena를 이용한 시뮬레이션 3E,2005,"Kelton, W. David",교보문고,003.35369 K29s3K문
8207,AJ1107056,경영학전공,20141112,2012,Arena를 이용한 시뮬레이션,2007,"Kelton, W. David",한국맥그로힐,003.3536 K29s4K문
8234,AJ1110110,경영학전공,20140429,2014,지금 시작하는 인문학,2012,주현성,더좋은책,001.3 주94지
8238,AJ1105881,e-비즈니스학전공,20130513,2011,지금 시작하는 인문학,2012,주현성,더좋은책,001.3 주94지
8248,AJ1105059,경영학전공,20130315,2011,열린 인문학 강의,2012,"Neilson, William Allan, 1869-1946",유유,001.3 열298윌
